,NS,HH,LL,LH,HL
NS,0.9083475650778864,0.021373492728872328,0.025979402784246753,0.02287429488174714,0.02142524452724732
HH,0.7941176470588235,0.1196078431372549,0.00392156862745098,0.08235294117647059,0.0
LL,0.8188034188034188,0.0017094017094017094,0.1094017094017094,0.005128205128205128,0.06495726495726496
LH,0.7632058287795993,0.09836065573770492,0.0018214936247723133,0.1366120218579235,0.0
HL,0.7829457364341085,0.003875968992248062,0.06201550387596899,0.009689922480620155,0.14147286821705427
