,NS,HH,LL,LH,HL
NS,0.903718127230006,0.023725089200243667,0.02463884779392568,0.024595335479940823,0.023322600295883733
HH,0.8789219629927594,0.06476267095736121,0.004424778761061947,0.04223652453740949,0.009654062751407884
LL,0.8808764940239044,0.004382470119521913,0.06055776892430279,0.007569721115537849,0.04661354581673307
LH,0.8698523698523698,0.05128205128205128,0.006604506604506604,0.0641025641025641,0.008158508158508158
HL,0.8874200426439232,0.008528784648187633,0.040085287846481875,0.005970149253731343,0.0579957356076759
