city,city_name,p_HH_HH,p_NS_HH,p_HH_NS,ss_NS,ss_HH,ss_LL,ss_LH,ss_HL,spatial_chi2,spatial_pvalue
jkt,Jakarta,0.06476267095736121,0.023725089200243667,0.8789219629927594,0.9012954244412116,0.024579106070595578,0.024955834621733668,0.02515030614491303,0.024019328721546197,"[(np.float64(2.5411730599086244), np.float64(0.11091235705228697), np.int64(1)), (np.float64(2.268566414323946), np.float64(0.13202197562768148), np.int64(1)), (np.float64(0.8458658666864985), np.float64(0.3577245009511951), np.int64(1))]",
bdg,Bandung,0.1196078431372549,0.021373492728872328,0.7941176470588235,0.8960730270819166,0.024883141477533698,0.02800770541182146,0.026554794125876736,0.024481331902851573,"[(np.float64(4.507467597502868), np.float64(0.03374717013753681), np.int64(1)), (np.float64(8.431696548988883), np.float64(0.0036873614893077056), np.int64(1)), (np.float64(1.3804150025472572), np.float64(0.2400304699624045), np.int64(1))]",
smg,Semarang,0.1875,0.012947337794588305,0.7890625,0.9186931170232238,0.015909674301130303,0.021396420909011917,0.019349629762602193,0.02465115800403194,"[(np.float64(3.592887443863359), np.float64(0.05802733712748409), np.int64(1)), (np.float64(6.482002026290391), np.float64(0.01089721754517714), np.int64(1)), (np.float64(2.6218812200978783), np.float64(0.10539941745453585), np.int64(1))]",
