city,high_mean,low_mean,pct_diff,t_stat,p_value,effect_size
Semarang,2.5784360995850624,2.8041050000000003,-8.047804929378104,-1.006912382648342,0.3144648865697986,-0.09047565163095156
Bandung,3.761310995542348,2.4948450248756218,50.76331227146523,8.655058898803537,1.2671311800518068e-17,0.45369731375701033
Jakarta,3.887355331580485,3.106488667687596,25.13663326749393,11.311648248914345,2.0115413507780317e-29,0.26519544729018785
