City,F_statistic,p_value,Significant_pairs
Semarang,66.42056330031284,3.6511391101657957e-93,18
Bandung,221.10479968155175,2.585032e-317,24
Jakarta,740.1015791003251,0.0,24
