City,F_statistic,p_value,Significant_pairs
Semarang,45863.32856966553,0.0,28
Bandung,224445.6709267216,0.0,28
Jakarta,1191699.6588871866,0.0,28
