segment_id,betweenness,closeness,match_dist
1000443882_9234657360_9234657359_0,2.056639861793801e-05,5.980407880476349e-05,0.0
1000447715_10176004708_9234682338_0,0.0,7.554264844629264e-05,0.0
1000683786_9236849638_9236849637_0,1.0283199308969005e-05,6.815083586312905e-05,0.0
1001355538_5346041131_5346041151_0,0.0009514632992616663,6.363851323079145e-05,0.0
1001386104_1663283380_6622030454_0,0.004385249778911215,6.840269088705457e-05,0.0
1010135305_3269364728_3269364726_0,0.004861012278139975,6.823179896177004e-05,0.0
1012043455_29358935_9336983410_0,9.172613783600354e-06,6.11868964445045e-05,0.0
1012750984_9342639490_9343482809_0,2.8998622051292597e-06,6.729865193552366e-05,0.0
1012997519_9345797187_9345797186_0,1.0283199308969005e-05,6.581592026309567e-05,0.0
1016891366_35138414_9379377312_0,8.000329062377886e-06,6.99399963185429e-05,0.0
1016891367_9379377310_9379377312_0,0.00013843242909734077,7.000234763780812e-05,0.0
1017763572_9387606573_9387606571_0,0.002190383152006252,6.996567471294492e-05,0.0
1017763573_1387999332_11806563116_0,0.0025422947987577896,7.024736289085718e-05,0.0
1017816427_6438268649_4443200306_0,0.003842667050572774,5.3962494486626595e-05,0.0
102775942_1667737191_6430375818_0,0.021168521070275382,7.276747557457275e-05,0.0
1030019670_6441995513_6393642180_0,0.0003527548690948728,4.633463697890412e-05,0.0
1030019671_6393642180_6393642181_0,0.0006920387470949962,4.629489581016412e-05,0.0
1031593094_1667979931_1667980054_0,0.0,5.750853229992708e-05,0.0
1032883123_6474394178_8413507981_0,0.0011688912654505069,5.7747275319139985e-05,0.0
1033828709_479716127_262868127_0,1.1722847212224667e-05,4.773061634994692e-05,0.0
1034398538_5509929591_5509717698_0,0.05388735783476955,5.5588489311321615e-05,0.0
1034793838_5342468765_29380518_0,0.00043773522818419265,6.741611529045564e-05,0.0
1034793839_25446374_9532363495_0,0.0006167451617547251,6.825158263478148e-05,0.0
1035987690_1879501446_1858814892_0,0.034000020566398614,5.4200329488463344e-05,0.0
1035987690_4443200319_5513539255_0,0.0346955967340559,5.4665451814558334e-05,0.0
1042494596_1664487893_2998201960_0,0.00019700553236122822,6.843117326094933e-05,0.0
1042818641_8247305364_535143966_0,0.0065108076424737265,4.215514898072914e-05,0.0
1044669169_5456153714_5355818899_0,0.00220965386751126,5.8321219405721184e-05,0.0
1046804241_9626130051_4961460501_0,0.0,5.034357520510467e-05,0.0
1052122006_5278754832_3277298302_0,0.0024560804557513935,5.445886230095529e-05,0.0
105231312_5355915763_1831360476_0,0.0045125146535590155,7.404490382200084e-05,0.0
1057129058_29489284_9713565227_0,0.02505966312239064,7.117213340316482e-05,0.0
1057129060_9713565227_29489284_0,0.02154774489439154,7.117213340316482e-05,0.0
1057799122_9719962009_3642308978_0,0.0003101824239557411,6.0772792919919116e-05,0.0
1058854033_5205570048_5408954334_0,0.0034795878493716964,6.959869497309156e-05,0.0
1059257072_9732461072_5479784339_0,0.008232276905990992,5.556233586803338e-05,0.0
1059257077_6446191582_12947507574_0,0.00741850564547642,5.551582351066423e-05,0.0
1059257079_3935053500_5358098266_0,0.023362277111654978,5.558530285063269e-05,0.0
1059257080_3935053501_5358098265_0,0.02129132303642309,5.559969666477439e-05,0.0
1061865623_9755546377_5334558654_0,3.537420562285338e-06,6.771780214945607e-05,0.0
1063125525_9766028617_9766028618_0,4.072146926351727e-06,5.755012976340231e-05,0.0
1063484368_5426146215_9768742275_0,1.0283199308969005e-05,5.2357653602574394e-05,0.0
1063833997_9771408615_9771437321_0,1.0283199308969005e-05,5.302308189619005e-05,0.0
1063897551_12994385428_2607591682_0,0.029928799127984698,6.328720020349631e-05,2.7861487768133223e-05
1063897551_12994385428_4091612443_0,0.029761594307220862,6.335595244422115e-05,2.2488531098075988e-05
1066321922_5504884196_5287090739_0,0.01552123480657302,4.29001373603879e-05,2.086406364174309e-07
1068091719_5406439223_5406440751_0,0.0006879254673714085,4.843088644851772e-05,0.0
1068404784_9807903914_6726782905_0,0.0,4.205063961919748e-05,0.0
1069498936_9816480388_9816480387_0,1.0283199308969005e-05,4.8358487744131244e-05,0.0
1071187425_5506936491_1740402743_0,0.0019802973901240153,4.1065248605724684e-05,0.0
1071187425_690686778_5506936491_0,0.001970199288402608,4.050886637890956e-05,0.0
1071187431_2604179177_2604179170_0,0.0023983300084322234,6.820111487595434e-05,0.0
1071541848_9832971267_9832971266_0,3.6196861567570903e-06,7.271336315528868e-05,0.00013608306286722833
1071807530_1849525878_9834915547_0,0.0012254282952512184,7.192240457667271e-05,0.0
1071807531_9834915547_9834915546_0,0.001829134360282171,7.188363901977158e-05,0.0
1072146130_1849907162_2519917308_0,0.0019699113588219565,6.85842512226638e-05,0.0
1072146130_5842012229_1849907162_0,0.002053390370812167,6.867241615942991e-05,0.0
1072146131_5842012228_1849907113_0,0.0005045760236924912,6.874681850021827e-05,0.0
1072225255_10167600401_29356939_0,1.0283199308969005e-05,6.040789974834578e-05,0.0
1073713998_11369837184_5348639847_0,0.053852107027538405,7.417488019863746e-05,0.0
1073714002_1837401676_2325453369_0,0.015983156119531907,7.478888864159236e-05,2.3073415444239473e-05
1073714003_2439053861_1956195925_0,0.0003909261049297657,7.006209758572677e-05,0.0
1073714004_25433364_10793008429_0,0.00035982971021944346,6.991388820117063e-05,0.0
1073714005_10703340254_5825278971_0,0.00640604240791395,6.279246899095399e-05,0.0
1073719458_29355295_25434242_0,0.0008153754396067704,7.194154112770836e-05,0.0
1073721510_10703340256_10703340255_0,0.009558336589679781,6.279820048940025e-05,0.0
1074810489_2958261193_2539998099_0,0.010041009398844168,6.785871000308759e-05,0.0
1075268429_634455186_1745879127_0,1.0283199308969005e-05,4.128158904474923e-05,0.0
1076256729_1873943403_1667213281_0,0.0,5.7251645357102256e-05,0.0
1079416044_1937335506_1849525972_0,0.01022660057997244,7.205028984274734e-05,0.0
1079416047_11181449057_11181449058_0,0.014534582399276063,7.497668841549928e-05,3.8059164444830754e-06
1079416049_3890313817_4151865299_0,0.007025913662258601,6.465428566019681e-05,0.0
1079416050_4161664084_12528841232_0,0.00017787878164654588,6.4978993679211e-05,2.1328351838919993e-07
1079416050_5487801261_4151865299_0,0.012497048721798326,6.46899875743634e-05,0.0
1079472293_2623877339_1896207947_0,6.5401147605042875e-06,6.943458427310359e-05,0.0
1079472298_5397580681_198466792_0,0.07054591448491454,5.1896455641146686e-05,0.0
1079472303_588190063_29489296_0,0.03676618061411266,7.38960013402441e-05,0.0
1079518616_5502471575_1092798436_0,7.642473726425766e-05,6.160437637605352e-05,0.0
1079518618_5490413483_1865691083_0,0.0012464265882401332,4.748726491224572e-05,1.6954055552753807e-05
1086974277_3274670546_5409117201_0,0.0,6.78887593310657e-05,0.0
1098472324_5497900293_5495734490_0,0.0091671636879666,5.823708406176742e-05,0.0
1103852339_6461589822_3269381712_0,0.0001313164551755342,6.840296796261104e-05,0.0
1106811305_2493376386_2493376391_0,0.0020034140221705777,5.357495466987211e-05,0.0
1106811305_5513539995_2930758875_0,0.0035998807148880157,5.3091298098542064e-05,0.0
1107619197_3272384461_10134513809_0,0.014536947535117126,7.509894670656479e-05,0.0
1108545580_11801329850_3733945198_0,0.0,5.447552188029603e-05,0.0
1109639622_5358394743_7713266581_0,0.014353844888221622,7.481177395240067e-05,2.373177299674729e-05
1109681938_3809375149_5444617537_0,0.0,5.790777163648836e-05,0.0
1109779530_5344474959_5344474964_0,0.005089834029163153,5.7077981037247724e-05,0.0
1109816093_10152829504_3115630273_0,1.0283199308969005e-05,5.36418240958117e-05,0.0
1110055721_10155083344_5287039866_0,2.056639861793801e-05,4.35717753832987e-05,0.0
1110069269_9774346049_9774346053_0,1.0283199308969005e-05,6.631013875049978e-05,0.0
1110074888_9148044145_5394983877_0,0.0,6.700277271033558e-05,0.0
1110074896_3270489637_9148044142_0,1.0283199308969005e-05,6.669976769738649e-05,0.0
1110077886_303034041_10155271051_0,1.0283199308969005e-05,6.59810901121381e-05,0.0
1110117507_5346598400_5346598399_0,0.0,6.778898779979972e-05,0.0
1110123036_6395383824_6395383823_0,1.0283199308969005e-05,4.77491846921063e-05,0.0
1110128026_10155656292_7284040570_0,1.0283199308969005e-05,4.9058257694203545e-05,0.0
1110129708_1879501446_1879501448_0,0.0006338769718034675,5.436629353506465e-05,0.0
1110319369_9334218025_5355819502_0,1.0283199308969005e-05,6.057051519820891e-05,0.0
1110338262_5358208113_5358208117_0,5.246488287435987e-05,6.972472712121488e-05,1.1612156388544347e-05
1110339180_9343073086_5354124055_0,0.0,6.189270340698221e-05,0.0
1110340901_5346063760_9768779719_0,1.0283199308969005e-05,6.405328566887356e-05,0.0
1110340917_2477132795_5354183892_0,0.0,6.39365433590138e-05,0.0
1110345001_9855630070_4191863525_0,1.0283199308969005e-05,6.534760789830762e-05,0.0
1110363952_10157741901_5495352291_0,0.0,5.382588319857728e-05,0.0
1111101117_8408288488_8408288489_0,0.0,6.763437414970292e-05,0.0
1111131418_11953687707_2150576370_0,0.0,7.479282553080337e-05,0.0
1111149609_10167251894_3445438455_0,2.056639861793801e-05,6.49188630197448e-05,0.0
1111159975_4146694789_6436813534_0,0.00013584106287148058,7.268163000401294e-05,0.0
1111159981_6470450611_25435174_0,0.009278715834070295,7.321319908363825e-05,0.0
1111159982_6470450615_6470450610_0,0.02124196367974004,7.319418805385431e-05,0.0
1111168894_10167417685_8418013666_0,0.0021430393023877587,7.231069703596984e-05,7.440389775672081e-05
1111175809_2325452638_1438388966_0,2.9821277996010117e-06,7.282031182235679e-05,0.0
1111202816_8456621395_9340090484_0,0.05486387100754787,6.565813926329274e-05,0.0
1111202817_8456621393_6615877057_0,0.007718980729284495,6.637678842085317e-05,0.0
1111208593_9471353034_5344074268_0,0.0,6.739046378017783e-05,0.0
1111554490_5354169648_5348422771_0,0.0005018406926763055,7.01961870163457e-05,0.0
1111580260_2614138804_6609245572_0,0.02932542212533163,7.595765256496857e-05,0.0
1111594176_9737310573_3733945210_0,0.0,5.5256199558716314e-05,1.8187353763421084e-08
1111600033_3272564042_1092798374_0,4.0700902864899326e-05,6.942642331012917e-05,0.0
1111601471_1896174974_5521647698_0,0.0065934228657219835,5.2249515856053546e-05,0.0
1111615487_5360156431_5360156430_0,0.0,7.16701364042501e-05,0.0
1111632865_6804522946_5495351888_0,0.0004491701458157662,5.929801642164644e-05,0.0
1111632866_5495351888_4954558692_0,0.0004659111942907677,5.935419323783429e-05,0.0
1111634181_6801801961_5477054488_0,0.0010854945190547683,5.777673994275873e-05,0.0
1111814948_1849525914_2520649200_0,0.0009671143286099171,6.976324789281535e-05,0.0
1111822662_5487589022_10171811961_0,0.0,7.40757397035963e-05,0.0
1111833835_7345830961_2958252669_0,0.0003223371655389425,6.748333762257746e-05,0.0
1111838780_1781637052_535150756_0,0.0,4.268715152035099e-05,0.0
1111879861_10172306791_5497983888_0,0.0,5.6752704825980865e-05,0.0
1111881513_5344474945_5344474944_0,1.0283199308969005e-05,5.709547241434967e-05,0.0
1111883139_6469056244_3271451936_0,0.0,6.703868788965044e-05,0.0
1111890718_10172444268_10172444267_0,1.0283199308969005e-05,6.51017610606749e-05,0.0
1112040498_5490413477_5490413478_0,0.0,4.801245483862598e-05,5.883764089538316e-06
1112041090_6445776991_10173705726_0,3.290623778870082e-06,6.803431857933017e-05,8.062257752972788e-06
1112041102_10173705736_10173705732_0,2.6921415790880857e-05,6.764429502808583e-05,0.0
1112041104_10173705737_5293786192_0,0.00015784710939267425,6.765785686463322e-05,0.0
1112041860_13010031522_5487735057_0,0.002943833165374411,7.079067954335017e-05,0.0
1112046726_10173744448_10173744443_0,6.581247557740164e-06,6.856878276148719e-05,0.0
1112046727_10173744453_10173744449_0,1.9949406659399874e-06,6.825785141615102e-05,0.0
1112046730_6445776985_11771489565_0,0.0001600888468420295,6.790652313127789e-05,0.0
1112046732_10173744458_6445776991_0,0.0001466795549431339,6.79792980216527e-05,0.0
1112046733_6445776991_7190149301_0,0.00013310573185529483,6.811038628722082e-05,0.0
1112046735_5293711619_10173705726_0,0.0012487711576825782,6.809847380807486e-05,4.099718871593289e-06
1112049725_5487734501_5487734497_0,0.03018123110462127,7.012744479846335e-05,0.0
1112055735_7968655227_1932103704_0,4.935935668305123e-07,4.7540806943376576e-05,0.0
1112059322_11176912866_5358212386_0,0.005105485058511404,7.192711079460654e-05,0.0
1112070523_6469933730_6469933723_0,0.0073976924500750675,7.320653748673141e-05,0.0
1112083686_5498292576_9814218659_0,0.0,5.4242467792969115e-05,0.0
1112104054_5360254306_9153733112_0,1.0283199308969005e-05,7.389792157512515e-05,0.0
1112105568_7514017625_2746819081_0,0.0327556711844189,7.337405942103366e-05,0.0
1112111887_9534505078_5488117179_0,1.0283199308969005e-05,7.347680542258141e-05,0.0
1112123299_6443280180_3277883741_0,0.005934228657219834,7.415404533096092e-05,0.0
1112126279_5663911115_10174422373_0,0.001716595027044814,7.2473431838014e-05,0.0
1112148185_7547268349_11135878630_0,0.03783057400818542,7.201172580842118e-05,7.830659080446946e-07
1112148188_549736806_4136122547_0,0.044051601094132406,7.057699000349152e-05,0.0
1112149979_5493008236_1666231704_0,0.07297071344836806,6.109269361120336e-05,0.0
1112158233_5348142893_5348142890_0,1.3368159101659708e-05,6.977265989489414e-05,0.0
1112309536_5850913672_5850913674_0,0.0008282088723443637,7.08240126495514e-05,0.0003780983581091028
1112316811_10176158967_3115219774_0,0.0,7.049031330385959e-05,0.0
1112338655_13010020404_5513054612_0,0.004786561915143039,6.017133181199409e-05,0.0
1112341457_5474477849_7271219310_0,0.0,5.547603919381449e-05,0.0
1112358128_8417346088_8417346087_0,0.0,5.8128906680981294e-05,0.0
1112370992_12692455340_28382977_0,0.0025647944388458134,6.234979687961661e-05,0.0
1112372204_12809283839_3840710412_0,0.01084320177693684,6.0259358718077615e-05,0.0
1112372204_3840710412_12809283839_0,0.01628476235526397,6.0259358718077615e-05,0.0
1112397976_10177340709_10177340710_0,1.0283199308969005e-05,6.668252867014145e-05,0.0
1113014099_10183211145_10183211146_0,0.008855315385722805,6.794932621603615e-05,0.0
1113048701_4029249743_4962978599_0,0.0076443658350986154,6.210478137777254e-05,0.0
1113110476_5495698710_7608451066_0,0.0,6.785951258035086e-05,0.0
1113131630_1659967181_9732506470_0,1.0283199308969005e-05,6.920195947915627e-05,0.0
1113135847_1778148747_9832971270_0,0.0020210805585833863,7.281866839587296e-05,1.6444832025437287e-05
1113158993_12628930744_4223805102_0,0.027630689180017685,7.210001110425e-05,0.0
1113370030_3115585866_5353904375_0,0.0,6.514642501888549e-05,0.0
1113383849_2325453232_2325453210_0,0.0024493141106060917,7.3630694216029e-05,0.0
1113483592_5482193900_10187187001_0,0.0006958229644406968,7.469050581473933e-05,0.0
1115011590_11788879459_4029249774_0,0.00712467350842194,5.9683487085030896e-05,0.0
1115011591_8291925083_10170199274_0,0.0065379758550480225,5.968248920459818e-05,0.0
1115074082_10171739085_6461589822_0,0.000222960327417066,6.833098828901312e-05,0.0
1115293260_11382060932_7983673000_0,0.0007000185097587561,6.633876724616436e-05,0.0
1116110299_5479191291_2518074025_0,5.491228430989449e-06,5.814878606923307e-05,5.5184463388981706e-05
1116336094_5463399885_1708607132_0,0.00017249038520864612,5.9690558580267163e-05,0.0
1117756052_5354124055_12806309258_0,0.002110523826172799,6.219089485399043e-05,0.0
1118289394_6561349086_5006280324_0,0.0,5.510395852799971e-05,0.0
1120250638_1900223767_2031237585_0,1.1825679205314358e-05,6.79039774214213e-05,0.0
1123590758_5406429067_1849306838_0,0.0,7.25043088330715e-05,5.158192192309853e-06
1125326954_3110227053_6469933728_0,1.0283199308969005e-05,7.303045437401617e-05,0.0
1127468685_5369882299_5369882289_0,0.009702609875984616,6.7571493022865e-05,0.0
1127486417_29379282_1675787674_0,3.331756576105958e-06,6.314263885358006e-05,0.0
1135407456_1849525979_25434513_0,0.001148633362811838,6.840236882283343e-05,0.0
1135407456_8133204300_6438800742_0,0.00012434444604405323,6.83968321853173e-05,0.0
1136778005_7216077600_7216077596_0,7.527301894165312e-06,6.001392671254717e-05,0.0
1137458126_3445438774_5342143067_0,9.518129280381712e-05,6.75423731656811e-05,0.0
1146433287_5455694139_6640792414_0,0.0015242991999670937,6.0554397450078935e-05,0.00020276995238171383
1151221548_2604179167_2477709385_0,1.1517183226045286e-05,6.761467694779252e-05,0.0
1151221549_2604179167_5495699916_0,0.022810521769532938,6.765622638102095e-05,0.0
1151221550_12393475052_2477709385_0,0.0022236801513686936,6.790112981531881e-05,0.0
1152898683_3278029107_11041579716_0,0.0001958126812413878,7.024623492228745e-05,0.0
1154010150_9763262524_10732581277_0,0.000907081011044156,4.811080440485582e-05,3.815559175287429e-09
1154010151_9763262524_4954559560_0,0.0004308454846471834,4.809150211629292e-05,0.0
1156847569_1668205960_13097895693_0,0.0003969109269275857,5.737632568519873e-05,0.0
1158365006_700687712_5646605287_0,0.004735516113773317,5.732021254538291e-05,0.0
1159597058_12813237929_7345830954_0,0.0003083931472759805,6.753863458927234e-05,0.0
1160077602_2331405990_2331405987_1,0.004569072249758345,5.326008724180848e-05,0.0
1162962616_5397333996_5397333455_0,0.0,6.914377700490928e-05,0.0
1162993368_3445680551_6770181271_0,0.005650720852271559,7.322066919032732e-05,0.0
1181258768_5355952720_5458319500_0,1.4396479032556608e-06,5.4608202376031775e-05,0.0
1185502258_549742872_549742977_0,0.0002979659831766859,6.937846243024834e-05,0.0
1186684171_5353901420_5482194014_0,0.00013983094420336054,7.35440284618993e-05,0.0
1186684171_5482194014_5353901420_0,0.00013983094420336054,7.35440284618993e-05,0.0
1187016598_12809046288_1675261401_0,0.005028772391666495,5.831825192301807e-05,0.0
1189071991_11041545701_3278023496_0,3.8870493387902845e-06,7.028732933345212e-05,0.0
1189225075_1667741802_11367140083_0,1.0283199308969005e-05,7.239250107961504e-05,2.9053082466000673e-09
1189854793_7508859964_5472406705_0,0.0,6.702392225633723e-05,0.0
1191374707_1014722882_1158819792_0,0.00334769553503486,6.987537206011895e-05,0.0
1191374725_6673594562_6673594561_0,0.01766474713612899,7.042511014529305e-05,0.0
1192224499_5346175165_11068012778_0,2.056639861793801e-05,6.62334733746259e-05,0.0
1193675364_3115137904_5847788391_0,3.1877917857803917e-06,7.126730663218207e-05,0.0
1193678217_5354200479_5354200473_0,0.03567217160603007,6.125773908217252e-05,0.0
1193682142_5391666890_3277871565_0,0.004932932974106904,7.13679774779305e-05,0.0
1193893108_8417740728_12806309253_0,0.05085940809904777,6.292586427151488e-05,0.00030790156107394053
1193893113_5354124031_11310497696_0,0.04335616889126545,6.256001340549625e-05,0.0
1194479628_11181448972_11181448973_0,0.009799313082286161,7.332932684099138e-05,0.0
1195150411_5353901269_3272299574_0,0.00025319293338543487,7.48291252897123e-05,0.0
1196760702_11104584173_11104584183_0,0.0019142998169590522,5.630867499950399e-05,5.6844941887635384e-05
1196760704_11102661953_11104584173_0,0.001917672706332394,5.633471381678721e-05,2.8458099711812193e-05
1196786406_2325451311_11149984614_0,0.0011767270633239414,6.823671023706443e-05,0.0
1196982365_11549667667_11132622841_0,0.0111925014910639,6.593244457581454e-05,0.0
1196982367_8456621395_3272728568_0,0.0030735248750591282,6.591320767172131e-05,0.0
1196988782_5458169530_11106971273_0,0.05192962178392942,6.062076748533417e-05,0.0
1196988783_8456621396_11549683569_0,0.0634873825144479,6.604224147703343e-05,0.0
1196988787_6380244012_6380244014_0,0.051824280690208335,6.427035634195148e-05,0.0
1196988811_5458168297_12806516351_0,0.00044921127861300206,6.005454188480354e-05,0.0
1196988812_5458169533_2634710039_0,0.04947132015712728,6.008038179948899e-05,0.0
1197041710_11104584190_11107427790_0,6.766345145301606e-06,5.631739706657565e-05,1.855472292762047e-05
1197261993_11369837179_5348639847_0,6.560681159122226e-06,7.414867115270089e-05,0.0
1197261995_3272542990_11369837186_0,0.021260576270489273,7.413740084591446e-05,0.0
1197845685_3272539236_3272539241_0,0.0015213787713633466,6.95326233530895e-05,0.0
1197845687_3272564806_3272564808_0,5.435699154721017e-05,6.951035088401553e-05,0.0
1197845690_5348638990_3252877763_0,0.049800937827776975,7.248760745171675e-05,0.0
1198541201_5463976349_5463976330_0,0.0,5.742137683414045e-05,0.0
1199401349_25433686_11124688730_0,0.005495753038685396,6.817707822251619e-05,0.0
1200669553_11118207003_11132665439_0,0.031873475515702444,6.275887119878732e-05,0.0
1200669554_11132665441_11132665440_0,0.0006855397651317277,6.278245187004328e-05,0.0
1201403860_11138589127_11138589131_0,2.7147646175678177e-05,6.825374415761687e-05,0.0
1201403861_11138589132_11138589136_0,0.00010984513501840693,6.828853215884757e-05,0.0
1201886961_11143200364_29356722_0,0.0,5.8893049597040464e-05,0.00010196647734525553
1202754454_11149984620_11149984616_0,0.00044980770417292227,6.825278147682621e-05,0.0
1203877810_11158529538_11158529539_0,1.0283199308969005e-05,7.083225320600022e-05,0.0
1204095979_1849525906_1849971991_0,0.00982436295580281,6.798007846381445e-05,0.0
1204792336_5075163079_6390908470_0,0.0029341669580239802,5.5362772091582295e-05,0.0
1205182546_5504392089_8763267078_0,0.003905682495938136,5.629505994571731e-05,0.0
1207357814_3115585866_3109046937_0,0.010396232235773193,6.529786715888118e-05,0.0
1207357815_5477099902_3115337255_0,0.0004458589556382782,6.682252859215955e-05,0.0
1207357815_5477099902_3115337273_0,0.00042681447051806757,6.656237138008642e-05,3.070711966695881e-08
1209010556_5287064874_5512944000_0,0.0018370112909528412,4.8881991246178945e-05,0.0
1210663558_6600903972_5246546437_0,0.0016679554943133906,5.161839791467669e-05,0.0
1211189672_2325452724_5354191270_0,0.0014959792690701931,7.070159388729855e-05,0.0
1211325650_364365905_3977886808_0,0.009823889928634597,7.120746991076516e-05,0.0
1211484975_5472141898_5472514676_0,0.0032201632972050265,4.439662778761638e-05,0.0
1211500891_3272660524_7673681627_0,0.07108946383398802,7.16015324908342e-05,0.0
1211520780_3272226032_8390722310_0,0.0690799210250293,7.478615185495823e-05,0.0
1212369195_1969331837_1658976885_0,0.0003193961705365773,6.784596744929525e-05,0.0
1212369196_5826263864_1658920028_0,0.00405764761532608,6.784455702594563e-05,0.0
1212369197_5340138155_1658919842_0,0.0340682187442157,6.779556096311907e-05,0.0
1213179577_3272382561_10134513808_0,0.053734899121814776,7.507577740037725e-05,0.0
1213246270_5479700075_5479700090_0,0.0010269625485881167,4.804242225809795e-05,0.0
1213246270_6149346736_5479700080_0,0.0010837258087736256,4.8295182193998276e-05,0.0
1214958133_5487735951_2700952477_0,0.005846924295086687,5.411414903282058e-05,0.0
1215285845_5865367998_11106971279_0,0.0038083211648808177,6.1017056996601126e-05,0.0
1218909991_9732170658_3115483968_0,0.0,7.046155794693869e-05,0.0
1218949666_6616440053_6616440050_0,0.011432387964543529,7.26352903495358e-05,0.0
1218950988_29434777_3110090805_0,0.012100261193262447,7.418423210481975e-05,0.0
1218962513_11295049619_5353615181_0,0.02516607366883985,6.767381468777384e-05,0.00012082189373038122
1218966648_5369274905_5369274909_0,0.004601361495588508,6.767426613168759e-05,0.0
1218966652_29357113_12634504454_0,0.01310223556752977,6.072464405839727e-05,0.0
1218970843_5447158308_5458215975_0,0.05636924912078646,7.530862188329381e-05,0.0
1219010865_5369368116_5369369331_0,0.00028560557760730517,6.83308223584083e-05,0.0
1219017459_2316743944_2316743947_0,0.0013648479114822202,5.5293540684320735e-05,0.0
1219647292_1778148701_6435769998_0,0.0,7.357972954233108e-05,0.0
1219647293_1778148749_11301198612_0,0.0,7.294661011188929e-05,0.0
1220201472_10696379242_6715130340_0,0.018831005902556402,7.499683844988016e-05,0.0
1220201475_5395152111_5395152110_0,0.001790304999691504,7.313520956127286e-05,0.0
1220201476_7201253642_7201253639_0,0.0004184645126791847,7.223728384028695e-05,0.0
1220201481_2607816746_1107865397_0,0.00014939431956070173,7.305750102195742e-05,0.0
1220201482_29489323_4146694789_0,0.0003752750755815149,7.271362125511362e-05,0.0
1220201483_8123304870_2614138808_0,0.03484056927791374,7.620861415312885e-05,0.0
1220202125_1108653589_1980735013_0,0.0009123254426917302,7.321737429383247e-05,1.1039447579700613e-05
1220205297_3269303931_11104754744_0,0.007477880838286407,6.814025737113158e-05,0.0
1220562204_7673681628_6411948224_0,0.005623470374102791,7.103923320301164e-05,0.0
1220608942_700687712_2019234455_0,0.00025983588013902886,5.7469225764843535e-05,0.0
1220608943_2019234455_13097895692_0,5.738025214404706e-06,5.764452451850398e-05,0.0
1220673725_1956195993_12806120214_0,0.004576949180429015,7.367586774012754e-05,0.0
1220965573_5330289517_6609265322_0,0.0028282500051415994,7.54539072142893e-05,0.0
1220965574_8123304860_5447158320_0,0.048590605269111325,7.546617081255179e-05,0.0
1221036888_12393475052_11711275767_0,0.02441099890998087,6.81683504801602e-05,0.0
1221115891_1837401657_29377560_0,0.0,6.724094682605675e-05,0.0
1221115895_6469933730_29434775_0,0.01267453674187113,7.329169446434526e-05,0.0
1221943036_1745893614_4208730924_0,0.0008843551405713345,5.072590588046996e-05,0.0
1221943036_1745893614_6707385204_0,0.0,5.1145660517020486e-05,0.0
1221943036_4208730924_306302781_0,0.0,5.0445755842409036e-05,0.0
1221943148_1745893511_5409499550_0,0.0,4.771453389394245e-05,0.0
1221943148_5409499532_5287056945_0,0.0,4.9226703024379996e-05,0.0
1221943148_5409499550_1745893511_0,0.0005552927626843264,4.771453389394245e-05,0.0
1222053567_1438388922_4146694789_0,0.00038200028792958064,7.268878762809437e-05,0.0
1222053567_4146694789_1438388922_0,0.00038200028792958064,7.268878762809437e-05,0.0
1222356533_5369231925_11283154717_0,1.0283199308969005e-05,7.215216329485322e-05,0.0
1222381631_28383055_32524369_0,0.0,6.713429164597912e-05,0.0
1222381633_1857160768_25448754_0,5.279394525224688e-05,6.686973008323925e-05,0.0
1222381634_1857160713_1857160525_0,5.758591613022643e-06,6.715826515045923e-05,0.0
1222414520_11104754744_2325451311_0,0.007467597638977438,6.818633972356059e-05,0.0
1222414521_2539986925_1706564149_0,0.00039218065524545994,6.828137832169809e-05,0.0
1222414522_3508373815_1662376718_0,0.008102955391481398,6.179316715626223e-05,0.0
1222515151_3115997388_2325452856_0,0.0015476214959998355,7.093590978935567e-05,0.0
1223117316_11345662514_11345662513_0,6.0053883964379e-06,6.32602087327796e-05,0.0
1223290807_2477145871_5391571111_0,0.011896139686979413,6.774527704073895e-05,0.0
1223331405_5458423353_11347393969_0,1.0262632910351069e-05,5.882829052438268e-05,0.0
1223550128_5344074260_11349330099_0,0.0,6.777000502168848e-05,0.0
1223958015_11303513418_5353901181_0,0.0,7.411383639692881e-05,0.0
1223980962_3277416918_11352872100_0,0.0,7.418425130443316e-05,0.0
1224477041_9751023796_9750893834_0,0.0,6.072930863056731e-05,0.0
1224610693_3110227038_9858134732_0,0.0,7.315901999907794e-05,0.0
1224657562_11357275463_11357275464_0,0.0,7.52917059755004e-05,0.0
1224660301_3272684935_302279079_0,0.0001958126812413878,7.03717833772099e-05,0.0
1225339509_29354164_364363786_0,0.0010997881660942351,7.15342137537575e-05,0.0
1225716299_5455661685_4167718061_0,0.00014713201571272855,5.9319138170995e-05,0.0
1225721616_11366943120_11366943122_0,0.00011441087551158917,6.005744506184897e-05,0.0
1225789972_25432923_11367517448_0,0.006162885877054069,7.15318073475895e-05,9.69961338127504e-06
1225950500_25500415_9784789437_0,0.0,6.89517384486454e-05,0.0
1226002645_1980735017_9753858427_0,0.0,7.313456334737764e-05,0.0
1226005092_1667741753_11042827800_0,0.0,7.265517849356658e-05,1.5933853325739664e-08
1226005094_1108674468_11333653926_0,0.0,7.3729260454909e-05,0.0
1226018524_11369507808_11369507809_0,0.0014723279106595643,6.369535598302505e-05,9.321464477189472e-05
1226043845_3252963731_3445680752_0,0.00025880756020813195,7.438257849686069e-05,0.0
1226049789_11369837184_11369837181_0,0.023588116734878553,7.41618568870423e-05,0.0
1226422371_5397823030_9462969630_0,0.003733829669086646,7.398717299460789e-05,0.0
1227210587_10169353662_8708131438_0,0.0,7.329061304311292e-05,0.0
1227245624_11380468954_11380468952_0,0.0,7.381297096363047e-05,0.0
1227402582_1658920028_2958261186_0,0.0001943935997367501,6.783255914410914e-05,0.0
1227441266_11382302735_5346112600_0,0.0,6.608852540148265e-05,2.4415595574476004e-08
1227462190_11727886518_2520649143_0,0.00453081874832898,6.872927633441223e-05,0.0
1227808042_11359222774_2614138777_0,1.0283199308969005e-05,7.352849450575488e-05,0.0
1227883413_11336840419_5397822951_0,0.0,7.274109662307903e-05,0.0
1227883414_11336516620_5397822947_0,0.0,7.267238024310927e-05,0.0
1228035210_5353901433_5353901488_0,1.0283199308969005e-05,7.321511494972304e-05,0.0
1228065709_5355891556_9679084774_0,1.0283199308969005e-05,7.339476943442417e-05,0.0
1228070545_389141127_6620361088_0,9.090348189128601e-06,7.441340085025339e-05,0.0
1228093028_12809046288_1675261406_0,0.010547662628797071,5.838330394157617e-05,0.0
1230789860_1449609915_1935487165_0,0.008964214466404788,4.492778150482759e-05,0.0
1231266979_5346161512_2477130742_0,0.0001189766160047714,6.527951671336733e-05,0.0
1231329823_2477130742_5346161532_0,0.0006409723793266561,6.512413706198745e-05,0.0
1231740046_7715425662_7715425660_0,0.06806270694938608,7.220287359501176e-05,0.0
1232379713_2628321596_3115027425_0,1.0283199308969005e-05,3.904249489654072e-05,0.0
1232501592_11176912846_2325452068_0,0.0009818398700203606,7.148808444652691e-05,0.0
1233392622_5460962097_5848061348_0,0.0,6.276619521960062e-05,0.0
1234371424_5342468784_5342468789_0,0.0004889866935400941,6.805386477304917e-05,0.0
1234371425_3383341288_3383341287_0,1.2216440779055179e-05,6.852971339097396e-05,0.0
1234371428_3272563961_2325452883_0,0.026950147049750118,6.951029020419485e-05,0.0
1234518449_3252879876_5348142890_0,0.027369578183164343,6.993737265284782e-05,0.0
1234518449_5348142890_1911634996_0,0.027884622503753367,6.954140448828637e-05,0.0
1234518452_5495698458_6616544863_0,0.00023365485469839376,6.850276881568217e-05,0.0
1235377699_5356192942_5321452950_0,0.01018851160973202,5.825779603938007e-05,0.0
1235377702_8776266022_690662056_0,0.013453941550295128,5.037808580110771e-05,0.0
1236485178_9375881577_9372965562_0,1.645311889435041e-06,6.323831034042032e-05,0.0
1237712951_7216077730_7216028475_0,6.371470291837197e-05,6.0416646600732455e-05,0.0
1238740516_5281163283_5281163284_0,5.141599654484503e-05,6.064923943806789e-05,0.0
1241648357_8247305368_3326688350_0,0.011653826378462868,4.2204876197761865e-05,0.0
1243260036_2477162528_29489421_0,0.02652773378853629,6.767548184090057e-05,0.0
1246217326_549742407_1781964145_0,1.9949406659399874e-06,6.747489304413957e-05,0.0
124818041_1387999265_1387999266_0,0.00021892931328795014,7.307648776782222e-05,0.0
124818042_1387999273_1980735104_0,0.00011151101330645991,7.34151674891634e-05,0.0
124818046_1387999278_3108102116_0,2.0566398617938012e-08,7.329325842322384e-05,0.0
124818047_1387999280_3108102120_0,0.00010110441560578327,7.351779874846195e-05,0.0
124818062_1387999332_3115275750_0,0.020699997943360138,7.020338749700797e-05,0.0
124818062_3115275750_3115275783_0,0.019270736071406534,7.004552369948755e-05,0.0
124818062_3115294663_1387999324_0,0.01914034510416881,6.94868540118154e-05,0.0
124818073_1387999367_5342469303_0,0.0029676490549739834,6.521484713782375e-05,0.0
1249782254_11617730765_11617730764_0,0.0036059478024803074,6.707317587780926e-05,0.0
1249792890_10155332201_306338136_0,0.0076739197499125925,4.2391547306070576e-05,0.0
125178968_1390997943_5455661790_0,0.0003642309195236822,5.760383130263862e-05,0.0
125178968_5455661685_1390998183_0,0.00014297760319190506,5.9108284178008454e-05,0.0
125178979_1655559659_5070382212_0,1.789276679760607e-06,5.624712735288443e-05,0.0
125813777_1666228228_5862482897_0,0.022451411883265122,6.047946806984657e-05,0.0
125813780_2004801502_2004801521_0,0.0008095551487978939,5.880880915444105e-05,0.0
1263537243_3977886808_3977886810_0,0.009773358287230322,7.123501196108333e-05,0.0
1266577408_2700952550_5479653366_0,0.002051477695740699,5.172982590918873e-05,0.0
1266673547_4029249756_4962978454_0,0.006740801678218127,6.268095435043469e-05,0.0
1266673548_4962978574_4029249724_0,0.007880817720009049,6.270112506265524e-05,0.0
1267013991_11768128775_11768128779_0,0.0,7.096111529997738e-05,0.0
1267342162_11770903742_11770903738_0,1.0283199308969005e-05,6.840378134712464e-05,0.0
1268192454_3068325991_1387999264_0,0.0,7.29665989798503e-05,0.0
1271483043_9333567076_3029842161_0,0.0,5.1726949119111374e-05,0.0
1271513401_11098206963_9355351609_0,1.0283199308969005e-05,5.556507623249395e-05,0.0
1279109531_1740402777_1740402781_0,0.001963823704831047,4.148379487110651e-05,0.0
1279650901_29379282_29358830_0,0.007906093823910495,6.320115914139573e-05,0.0
1280201533_1014722585_11380468954_0,0.00021650247825103346,7.394976568672443e-05,0.0
1280657095_1837401642_1837401675_0,0.016656273779898402,7.288020801423222e-05,1.1465682884384107e-09
1280657095_1837401675_1837401642_0,0.016656273779898402,7.288020801423222e-05,1.1465543751463718e-09
1288619604_549741932_11949685425_0,8.308825041646957e-06,6.752368138700866e-05,0.0
1288619607_2746819080_2746819082_0,0.041235423564979536,7.341375857923608e-05,0.0
1288619607_2746819082_2325454309_0,0.041112045739670526,7.310527718394584e-05,0.0
1288954212_9544624434_5353894968_0,0.00313863809308352,6.266798488293312e-05,0.0
1296460356_3272725789_8456621396_0,0.07144701067396088,6.609427543675634e-05,0.0
1296460358_11549683569_11549683570_0,0.06542870657919092,6.59990653161466e-05,0.0
1296460359_7216028473_7216077666_0,0.00016212492030520534,6.0316631737937105e-05,0.0
1300561206_588189886_5487734495_0,0.0018523949571190588,7.00420033038889e-05,0.0
1300561208_5487734496_5487734499_0,0.03218468625958908,6.99363797758306e-05,0.0
1300894168_530638465_549733051_0,0.027365218106657343,6.798187147416322e-05,0.0
1301025633_11910120725_11942615877_0,0.0032247084712995907,6.438239576299496e-05,0.0
1301227832_11369837186_6616389060_0,0.0444302901918845,7.410676938524047e-05,0.0
1301227833_5348640254_3115112874_0,0.01009993213088456,6.648152330647666e-05,0.0
1301227833_6583477353_3115552767_0,0.010492071653332784,6.692257171805036e-05,0.0
1301227834_3109046937_3109046938_0,0.004346482117516402,6.529224876978046e-05,0.0
1301227834_3109046938_3109046937_0,0.003620426547107336,6.529224876978046e-05,0.0
1301227837_4029249758_4962977692_0,0.006916377023219464,6.349774827108437e-05,0.0
1301228983_10170199274_5477426295_0,0.005613927565144067,5.9780371705720904e-05,0.0
1301228985_3115989433_3115989440_0,0.00201785163400037,6.359553394998266e-05,0.0
1301228986_3115989476_3109046103_0,0.004542068568372992,6.40887353710118e-05,0.0
1301556549_3421288828_6375826279_0,0.007733500606708759,6.273232373321769e-05,0.0
1301556549_4140306591_6375757846_0,0.007763363017502005,6.297023406838572e-05,0.0
1304454910_1935454957_5400461592_0,0.014709705283507804,3.877591155380719e-05,0.0
1315137970_3272727748_3272727747_0,0.009502210887851428,6.240539560473739e-05,0.0
131755634_535136107_12643404800_0,0.0009579005820290809,3.881959764199199e-05,0.0
131755636_1879501444_2930758873_0,0.03119626514201098,5.370740252681942e-05,0.0
1326455428_12272961295_12272961292_0,4.935935668305123e-07,4.3208369193163044e-05,0.0
1330455094_11310046580_11546102144_0,0.0005868621845628611,6.818663255530962e-05,0.0
1330455095_11546102144_11546102152_0,0.002037430845484647,6.819399809591541e-05,0.0
1334970305_12350468417_1781964081_1,0.0,6.896889105995329e-05,0.0
1339489080_1658431509_29377716_0,0.023138987721860023,6.196472920876118e-05,0.0
1339489083_1666516878_1658426557_0,0.002264689550212862,6.036690723588888e-05,3.071379407403708e-05
1339489083_1666786347_5460926051_0,0.002428274684819941,6.264678141870556e-05,0.0
1339489083_5460926051_1666516878_0,0.00010283199308969006,6.186355253392242e-05,0.00014700590966046977
1339503196_4848641976_1740402790_0,0.001625732677950764,4.109483468322237e-05,0.0
1344899068_5353966209_1837401675_0,0.019374349587643707,7.288779533691354e-05,0.0
1356545907_5490413527_12555088175_0,6.169919585381404e-07,4.803910533754248e-05,5.116489082859124e-06
1358959011_12578102242_12578102249_0,0.0,7.330185078627457e-05,0.0
1361627647_12606352972_12606352975_0,4.2675277132221374e-05,7.354801141774408e-05,0.0
1361627648_12606352975_12606352973_0,0.0062323591715854635,7.354581565287047e-05,0.0
1363887656_10174481505_6439284575_0,0.008685457499537256,7.050847785897689e-05,0.0
1363896485_535150793_535151680_0,0.0023973016885013264,5.393682291302834e-05,0.0
1364641902_3115112897_2325453554_0,0.0018673261625156818,6.600611633415267e-05,0.0
1365080707_7301283863_12641564451_0,0.0034079139501881823,4.86215836723935e-05,0.0
1365088948_5513054577_5513054573_0,0.0,6.0165618256205296e-05,0.0
1365088951_3642539805_1909809914_0,0.02783812187647821,6.41928527415493e-05,0.0
1365088951_3642539805_4119270864_0,0.02641511218970446,6.399518477195868e-05,0.0
1365324076_3046973756_12643404770_0,0.0020231371984451804,3.954814300119953e-05,0.0
1365324081_5492932190_5492932075_0,0.0018625341916377023,4.035607604289712e-05,0.0
1365373354_2432105854_690561549_0,0.0038807560208131953,4.151525743536168e-05,0.0
1365373354_690561522_5342465078_0,0.003570265100878185,4.134997593234492e-05,0.0
1365625446_1879485862_5521931385_0,0.0036354194516998125,4.9962601812474916e-05,4.944107376865575e-05
1365625448_5521741491_5348776025_0,0.0064264648417415625,4.982001021406635e-05,8.851842353048181e-05
1365732657_5490413449_5490413448_0,0.005162433416284474,4.860346621585704e-05,0.0
1371660674_12702194278_12702194263_0,2.336342882997758e-05,4.4952995517345296e-05,0.0
1375151757_5492696348_7510401691_0,0.0016231824445221397,4.7222795886795544e-05,0.0
1375151757_6430980919_5492696348_0,0.0010772268268103573,4.756180552088487e-05,0.0
1376060255_7520787962_7520787976_0,0.0,5.60619718398357e-05,0.0
1383201277_1740402857_690686766_0,0.001981716471628653,3.93494327937115e-05,0.0
1383335740_11356882932_11356882933_0,1.626802130678897e-05,6.658782131705669e-05,0.0
1383700311_12811086132_5495427000_0,1.0283199308969005e-05,6.94832408936964e-05,0.0
1384127085_6445777003_1849525905_0,0.005837011290952841,6.821450263186787e-05,0.0
1384732951_12820446797_1660289595_0,0.0011712564012915697,6.756351089672478e-05,0.0
1386530328_25433359_12836407572_0,0.0,6.917692524139308e-05,0.0
1389445170_1935659242_7278578447_0,0.0019858091849536226,3.4627250608879764e-05,0.0
1393217261_4975013285_1935487307_0,0.0006736935195277955,4.679653878985643e-05,0.0
1394904181_10177301541_3274608590_0,0.009965160520741213,6.488910746871323e-05,0.0
1395659512_5353900965_5360254305_0,0.0031846451267918473,7.415684569145171e-05,0.0
1396551898_4155635659_4155635856_0,0.0029533554079345164,6.743235435158546e-05,0.0
1409522928_5521632658_5512943996_0,1.0283199308969005e-05,4.891901946668872e-05,0.0
1411181959_9327096975_12966606721_0,0.0,5.115005933315549e-05,0.0
1415623599_13008901162_13008901160_0,0.0,4.4372123027401094e-05,0.0
1415847728_306901747_1396437285_0,0.004802994467638772,5.390856089676652e-05,0.0
1415933093_12896433675_12896433680_0,0.04041365197540259,4.729164166726204e-05,0.0
1416241576_5287096615_5377031483_0,0.005308660510458013,4.273072565302502e-05,9.26276146461251e-05
1416934205_2477161769_13020698508_0,1.0283199308969005e-05,6.807397854407815e-05,0.0
1417171361_13022549201_9762128207_0,1.7502005223865248e-05,6.978647173204591e-05,0.0
1417171362_9762128207_25433301_0,0.00015597556711844187,6.980248727068969e-05,0.0
1419984788_13048394328_13048394357_0,0.0,6.781817902016468e-05,0.0
1424722950_13095707146_13095707147_0,1.0283199308969005e-05,5.130143956868484e-05,0.0
1424917480_29357697_29379986_0,0.0021916994015178,6.119081378691453e-05,0.0
1426365160_13111995996_12182575120_0,0.0005786561915143039,4.7861154665236505e-05,9.63132908242529e-06
1426370640_13112052181_13112052197_0,0.00839547127902433,5.426709190795337e-05,0.0
1426373874_3114800876_3114800878_0,0.009222281636262673,4.637650197158867e-05,2.9161361422784442e-05
1426375731_13112052181_10170187373_0,2.5193838306974064e-05,5.4236667688766134e-05,0.0
1429019061_6480651170_6480651156_0,0.02602402155358575,6.635531985341404e-05,0.0
1429550427_2518053984_13141223516_0,0.025146247660572156,6.493123721805498e-05,0.0
1429905156_1684273051_3274762631_0,0.0017197622524319765,6.358484684610121e-05,0.0
1429905157_1684273063_3274762631_0,0.00042841864961026675,6.361794682296354e-05,0.0
1432924511_9144637120_1904244261_0,0.0,6.765950356497909e-05,0.0
1434389929_2520649171_2520649169_0,0.001630709746416305,6.92104832787968e-05,0.0
1434389955_25450538_25771207_0,0.004856323139255085,6.78248570449587e-05,0.0
1434508028_6715130339_6715130340_0,0.0006569730374514119,7.50012535681365e-05,0.0
1437076358_5512692945_690559336_0,0.0030913353762622624,4.395680921680348e-05,0.0
1442740807_13238327937_13238327940_0,1.0283199308969005e-05,6.549947767911316e-05,0.0
1442829798_5334300007_13239081321_0,4.771404479361619e-06,6.611664188144561e-05,0.0
1442951316_4140347969_5458564731_0,0.04128570840960039,7.372384599709409e-05,0.0
1442951328_2325453616_3115195430_0,0.02431863521378771,7.545363484113743e-05,0.0
1443020453_2477132819_6395332267_0,0.0008526623203010921,6.426231989436362e-05,0.0
1443167062_1107494497_5444644697_0,0.0,7.487341656390234e-05,0.0
1445396324_3068325990_3108102101_0,1.674104847500154e-05,7.326403245869258e-05,0.0
1445396345_7210854542_5853120077_0,0.0070661621043539066,7.324100769120706e-05,0.0
1445399268_6470065672_6469933730_0,0.00759465684963906,7.328253308104051e-05,0.0
1450888857_1847980172_29489330_0,0.00017179112765563622,7.2658790703235e-05,6.051729887792184e-09
1450888857_29489330_1847980172_0,0.00017179112765563622,7.2658790703235e-05,6.051730109974434e-09
1450888860_5395151996_3152633800_0,0.0,7.006583276601255e-05,0.0
1455624510_1801230105_992010729_0,0.0008677169240894226,6.031610944013867e-05,0.0
1458243357_1708639017_312524175_0,0.0044836188635008125,5.486268240739055e-05,0.0
1459639333_29434769_11347520099_0,0.0005067354955473746,7.329819877339006e-05,0.0
1459639335_11347520098_29434769_0,0.00814361516154906,7.328384123321992e-05,0.0
1459642132_5444810061_6439284575_0,0.0063418135450301295,7.032993756565701e-05,0.0
1459642132_6439284575_5444810061_0,0.00867762170166382,7.032993756565701e-05,0.0
1464539190_2700952650_4029261176_0,0.01680899985603521,5.554621258185358e-05,0.0
1466159402_4961460861_5490413483_0,0.00042274232359171585,4.734949662077764e-05,9.030078927377632e-06
1466159403_5490411775_5851075225_0,0.0016459905805894328,4.620065332288205e-05,0.0
1473273815_13516108768_13516108767_0,0.0,7.111127469583864e-05,0.0
153106229_1658426548_1658426544_0,0.0007152170783374123,6.155631629407591e-05,2.9283613188528064e-05
153106230_1658426552_12809283848_0,5.964255599202024e-07,6.278743523518964e-05,0.0
153107685_1658431473_1658426557_0,0.0001463504925652469,5.9379523660832506e-05,2.6922160009668717e-05
153175501_1658919899_5334388861_0,1.1517183226045288e-06,6.765022181207244e-05,0.0
153181141_3048202811_3048202812_0,0.00011208687246776216,6.730686927089804e-05,0.0
153181724_1658976883_1658976885_0,5.5529276268432635e-06,6.780448244304929e-05,0.0
153254837_29379592_5867094393_0,8.461016391419699e-05,6.187146894733533e-05,0.0
153282908_1658431497_1658431511_0,0.0011432038335767024,6.22790290403995e-05,0.00029787242251400075
153282908_1659903713_1658431511_0,0.00029128190362585606,6.205559136987114e-05,0.0
153282908_1870759851_1659903713_0,2.0916027394442957e-05,6.183286339261879e-05,0.0
153284261_29358935_29358934_0,0.010450177899348045,6.129530268287581e-05,0.0
153284261_29358938_5281163287_0,0.010553544618801801,6.0667232553567136e-05,0.0
153306178_1660130531_1660110858_0,0.009374041091664438,6.210710644541564e-05,0.0
153315568_11180921761_2958252669_0,7.996215782654299e-05,6.743309887396333e-05,0.0
153316270_8913742090_29427236_0,0.0050950578944121095,6.76609925073989e-05,0.0
153699096_5465992318_1663274762_0,9.152047384982416e-06,6.363096266647888e-05,0.0
153699890_1663283380_1663283377_0,2.9409950023651357e-06,6.832060943168072e-05,0.0
153798747_5461446460_5461446980_0,0.0011040248442095305,6.299822543295191e-05,0.0
153798747_5461446980_1664397548_0,0.0002499228760051827,6.34786723195349e-05,0.0
153807746_4681201262_3383628366_0,0.0007645764350204635,6.629746405199726e-05,0.0
154038102_3445435954_3445435952_0,0.000974785595294408,6.252394214976205e-05,0.0
154038102_7631179482_5498044660_0,0.0011786191719967917,6.176439221671677e-05,0.0
154038140_1666369624_5509712935_0,0.0,6.480126005530213e-05,0.0
154056339_5458737575_1666516876_0,1.809843078378545e-05,6.08092543485941e-05,0.0
154056375_306334390_1870759842_0,1.986714106492812e-05,6.000894291289624e-05,9.02723971514771e-06
154056414_2019234457_700687710_0,6.832157620879007e-05,5.747442640229726e-05,0.0
154056414_700687710_2019234457_0,6.832157620879007e-05,5.747442640229726e-05,0.0
154066513_2016994319_5463273416_0,5.02642782222405e-05,6.463141070723179e-05,0.0
154078516_10173744448_1666747506_0,0.0016641095777718362,6.851614270635332e-05,0.0
154078522_10173603853_25778195_0,0.001367912304876293,6.824650108021836e-05,0.0
154080972_1666786347_1666786352_0,0.005992267034119655,6.266682379710341e-05,0.0
154175044_1667530024_1667531455_0,0.0,7.154391539628395e-05,0.0
154204668_1667719972_1667722604_0,3.8870493387902845e-06,7.157028627122619e-05,0.0
155093285_11367547341_29357239_0,0.004584167986343911,5.621645396966964e-05,0.0
155093285_29357312_11367547341_0,0.004627234025049874,5.611193889356151e-05,0.0
155534757_1679237611_1107458315_0,0.005938033440964153,5.412888785519402e-05,0.0
155588388_1679876874_1679876706_0,7.609567488637064e-06,5.681636085698891e-05,0.0
155775161_1681343772_1681358409_0,0.00019947350019538078,5.8897465450906335e-05,0.0
155775161_1681358409_1681343772_0,0.0008964276165600642,5.8897465450906335e-05,0.0
157803718_1700554899_5851049288_0,6.0362379943648065e-05,6.786982927151375e-05,0.0
157803718_1700554920_8768092928_0,4.1050531641404275e-05,6.797598444586525e-05,0.0
158465134_364364130_2325451300_0,0.0011291569833206507,6.802598226870106e-05,0.0
158851557_1709854474_8760974216_0,1.0283199308969005e-05,5.907287255709783e-05,0.0
161964082_1739172554_5521729860_0,0.00812286366534356,5.4719060891910786e-05,0.0
161964082_5521743033_1739172556_0,0.008126257121115522,5.463222933689311e-05,0.0
162108526_1740402781_202864815_0,0.005770520124221048,4.169654064596016e-05,0.0
162108532_1740402777_690686808_0,0.011030705633136581,4.1620548760564365e-05,0.0
162108821_1740402738_6455620728_0,0.0010916027394442958,3.897217017766244e-05,0.0
162757562_1745878961_5409491286_0,0.0,4.5703728015314157e-05,0.0
162757562_5409491286_6707385598_0,0.0,4.5994299264730436e-05,0.0
165804161_1773328595_1658617590_0,8.123727454085515e-06,6.279918163845965e-05,0.0
166316966_5395151832_5395152111_0,0.0004765028895790058,7.314784780603051e-05,0.0
166336042_1982408563_389141677_0,0.0159531086111511,7.443458111578371e-05,0.0
166336046_3110227092_29489138_0,0.012144170454311745,7.38799885748537e-05,0.0
166336046_3445680598_1014722585_0,0.0002431565308598811,7.402698446059238e-05,0.0
166364670_1107865374_1778148806_0,3.008864117804331e-05,7.304286280288035e-05,7.230499815903381e-07
166687310_1660110858_3376673094_0,0.006578615058717068,6.226347899599553e-05,0.0
166710708_1781637052_201498312_0,0.0,4.2260191218999475e-05,0.0
166752447_6643283349_29380518_0,0.005291158505234149,6.701291483499015e-05,0.0
166752451_1781964211_5474386679_0,0.006303025317236698,5.935743262968622e-05,6.606681467876398e-10
166752485_549742210_1781964203_0,1.0283199308969005e-05,5.94708518722633e-05,0.0
166894268_1783118847_1783118820_0,0.001417991485510972,4.331663397861591e-05,0.0
166894823_5521638437_5521638512_0,0.007630277852045328,5.3196259155355755e-05,0.0
166894823_5521638512_5521638437_0,0.007630277852045328,5.3196259155355755e-05,0.0
166894825_5479374746_12641837179_0,0.00023805606400263248,5.0708559428160944e-05,0.0
167186330_25433680_25433684_0,0.0021845217284001397,6.858352595141357e-05,0.0
167419424_5487886600_5487886553_0,0.015231042922073916,6.485869736063302e-05,0.0
167539549_6428023128_5426147698_0,0.0006245809596281595,4.7718282931596486e-05,0.0
168567116_25435344_25435318_0,0.024278304506097935,7.293217822294282e-05,0.0
168942781_1801230087_1801230112_0,8.119614174361927e-05,6.0239759376891884e-05,0.0
168942781_312526032_3443083516_0,1.0797359274417456e-05,6.134953523097217e-05,0.0
168942781_3443083509_3443083516_0,0.0011872364930177075,6.118231913912654e-05,0.0
168942781_3443083516_312526032_0,1.0797359274417456e-05,6.134953523097217e-05,0.0
168942786_1801230089_1801230077_0,0.0,6.039474641171507e-05,0.0
168942790_1801230116_3443083398_0,1.0283199308969005e-05,6.0179946243701756e-05,0.0
172898441_5498292573_5278754831_0,0.013884026078193447,5.406067117515115e-05,0.0
174044212_5395151934_1108674386_0,0.0,7.248219301617176e-05,5.504286928978316e-10
174269803_1849525914_5391666929_0,0.0008643646011146988,6.993831766938241e-05,0.0
174269805_11107827260_3374033502_0,0.004718651666906608,7.309233277442034e-05,0.0
174269809_3797908070_1849525979_0,0.004249470415235588,6.831506336145065e-05,0.0
174269825_1849525939_1849525840_0,0.0,7.29857897629231e-05,0.0
174269829_1857128465_1857128509_0,0.004296423503280341,7.038796670428261e-05,0.0
174269832_3374033502_1849525974_0,0.004449931102564629,7.329151138219179e-05,0.0
174269833_1849525794_2325452463_0,0.04030925693601793,7.328183444773998e-05,0.0
174270180_7724450410_1849528744_0,1.9270715505007917e-05,6.760822852795262e-05,0.0
174270180_7724450410_1849528769_0,7.115973921806552e-06,6.768402223310103e-05,0.0
174270184_1849528721_1849528737_0,0.0005601669991567777,6.806671021735705e-05,0.0
174307790_2520649241_5332863039_0,3.9035024576846344e-05,6.996704028041365e-05,0.0
174307805_2520723804_1849960331_0,0.00011936737757851222,6.978776226683167e-05,0.0
174308248_1849972040_1849971974_0,3.810953663903914e-05,7.102196850014953e-05,0.0
174308254_1849525827_25434520_0,8.596754622298089e-06,6.850787115274639e-05,0.0
174308254_25434520_1849525827_0,8.596754622298089e-06,6.850787115274639e-05,0.0
174309309_1857128462_7669230599_0,3.126092589926578e-06,6.913264953939668e-05,0.0
174309309_7669230599_1857128462_0,4.894802871069247e-06,6.913264953939668e-05,0.0
175069456_9659799884_1857128465_0,0.004512740883943813,7.069683612147878e-05,0.0
175071657_4911450088_1857160525_0,8.843551405713345e-07,6.688410417646274e-05,0.0
175261235_1858776035_5850100835_0,0.0,3.711584031038741e-05,0.0
175266161_1858814825_1858815124_0,0.031207391563663287,5.347993706255169e-05,0.0
175691360_3110083501_1849525974_0,4.833103675215433e-06,7.322192589382688e-05,0.0
176009308_11750765143_4961461263_0,0.024650741418670175,5.292010941054039e-05,0.0
176009308_1865691092_5075164694_0,0.020798942887111038,5.8481136603844106e-05,0.0
176009308_3684804755_6683695602_0,0.01789856652201633,5.6180847333938495e-05,0.0
176009308_5355808861_1865690986_0,0.025105423359315548,5.7278731867717894e-05,0.0
176011206_1909819969_5509779489_0,0.011600004113279723,4.842345186320211e-05,0.0
176011208_1865707963_6441995513_0,0.004076959463628324,4.641431908945499e-05,0.0
176592136_1870759840_10177320000_0,0.00040283404972955183,6.167654606501296e-05,0.0
177527093_1879489261_1879485858_0,0.0017936984554634636,5.3017120565108594e-05,0.0
177527668_1879495058_3110121950_0,0.0005397034325319293,5.1074611170166924e-05,0.0
177527668_3110142322_3110142305_0,0.00048590173374740345,5.055628726730967e-05,0.0
177527668_9549296757_1879495058_0,0.0010480431071715032,5.1281092211400624e-05,0.0
177529894_1879514640_1879514641_0,0.010745244020319601,5.403746328367081e-05,0.0
179272970_2493376386_5513539741_0,0.0005070851243238796,5.3575795438192535e-05,0.0
179273190_5521741121_5521761604_0,0.009160911502786747,5.185352580113499e-05,0.0
179273656_5521522319_13111873242_0,0.00688828332270736,4.927032795608123e-05,0.0
179614119_1900223767_5826263864_0,0.00035209674433909875,6.78663034501234e-05,0.0
180401966_5825223577_9664985734_0,0.02029512782016741,7.317179779418252e-05,0.0
180401966_9664985734_5825223577_0,0.0,7.317179779418252e-05,0.0
180710753_5346593290_1911634929_0,0.0001229870637352693,6.862032238853484e-05,0.0
180710762_5852924166_1911634996_0,0.0014912901301853032,6.923028309293564e-05,0.0
180719953_5497855996_5497855094_0,0.006094934496020402,6.987620794994656e-05,0.0
180719957_5495214284_1911749364_0,0.007891512247290377,6.828573095298639e-05,0.0
180719963_1911749179_1911749312_0,0.0003996051251465356,6.958658181420826e-05,0.0
180834482_1912924860_5498300377_0,6.169919585381404e-05,6.504200839143099e-05,0.0
180834489_1912924758_5481623347_0,0.018680274767085534,6.944113358524618e-05,2.1576298085961888e-09
180956105_1914015097_4223805333_0,0.004215700388704934,7.173605768810893e-05,0.0
180956121_6428726601_12744089235_0,0.00432585401970261,7.160128724659537e-05,0.0
180968113_5353901376_5482193900_0,0.0006971597803508627,7.408743614751236e-05,0.0
180968117_1914135344_1914135380_0,0.000503629969356066,7.340019251604395e-05,0.0
183178895_12896433675_1450237040_0,0.000656253213499784,4.723158556425393e-05,0.0
183199514_1935659223_1935659242_0,0.0,3.447264202228675e-05,0.0
183199514_1935659242_1935659223_0,0.0005138720358677991,3.447264202228675e-05,0.0
184252438_5521580635_1879485858_0,0.006330563724986117,5.296597713048542e-05,7.62971165928127e-06
184389495_2041524694_1948680830_0,1.996997305801781e-05,6.938312976631622e-05,0.0
185039743_1956196022_389141743_0,1.8962219525738847e-05,7.410654905571441e-05,0.0
185039744_1956195926_3270228962_0,1.4252514242231043e-05,7.173450207051854e-05,0.0
185228912_1957925696_1957925699_0,0.0,6.345014845866417e-05,0.0
185934068_5460792417_1966222939_0,0.0018001768710281141,6.974780587999356e-05,0.0
185937168_4118516804_3272226032_0,0.003598091438208255,7.419591909239157e-05,0.0
186246670_7345830954_5369882298_0,0.001694074820558172,6.756619705622489e-05,0.0
187359634_1980677052_5269229803_0,3.302963618040845e-05,7.465582004670445e-05,0.0
187362390_1387999272_1980735086_0,0.00025831396664130143,7.308312572678623e-05,0.0
187362391_5865484896_1980735092_0,0.0,7.295032745708681e-05,0.0
187596265_1982390348_29434768_0,0.0003712029286551632,7.408403588082184e-05,0.0
190292504_5522057053_5342138077_0,0.00032369454784772635,4.2156886108786696e-05,9.54848408828837e-06
190292504_5522057053_5522057066_0,0.013128313760977315,4.2165533239923734e-05,0.0
190543230_5276753374_9766629580_0,3.084959792690702e-05,6.551454592173979e-05,1.061575239783307e-05
190543694_2011938274_2011938273_0,1.6062357320609587e-05,6.682857734988175e-05,0.0
190619162_10169539655_1858815040_0,0.0030183863603644363,5.3779290366723316e-05,0.0
190624922_12062601823_2012626644_0,0.00399062172223022,5.95381027769249e-05,0.0
190691083_5504454510_5504295365_0,0.0021437179935421507,5.8182393498075236e-05,0.0
19139144_5463499150_5463499675_0,0.0005709026592353413,3.594441196369313e-05,0.0
192906838_11181449054_2325453371_0,0.012686239022684738,7.466504807122741e-05,0.0
192917040_2034531650_2034531645_0,0.00021438413919338585,6.258650946282593e-05,0.0
193051947_1654067462_1666931589_0,1.0303765707586944e-05,5.816248626038141e-05,0.0
193051947_1654067468_1666931589_0,0.0006251979515866976,5.778486993102308e-05,0.0
193626592_2439053866_1956195925_0,0.0,6.996431987072042e-05,0.0
193626592_3628066768_2439053866_0,2.1903214528103984e-05,6.986850176670008e-05,0.00016314187443237642
193626592_5358106618_3628066768_0,0.0,6.960205306441003e-05,0.0
215583979_1911634930_2250562871_0,0.013837258087736256,7.292738985549121e-05,0.0
216210419_2255625833_2255625844_0,5.287621084671863e-05,6.839378017242057e-05,0.0
216218939_2255721303_2255721302_0,6.186372704275754e-05,6.897530499016296e-05,0.0
216248115_2255972110_2255721281_0,0.0,6.810256242407145e-05,0.0
216248124_2255972066_2255972091_0,6.5401147605042875e-06,6.799344544432571e-05,0.0
216248125_2255972089_2255972065_0,0.0,6.79845780946672e-05,0.0
222733919_2316743947_5458147924_0,0.001358636859099603,5.551623435221342e-05,0.0
222733920_2316743937_2316743942_0,0.0013721489829915882,5.513587340148247e-05,0.0
223676308_5355737920_2325453248_0,8.541225346029656e-05,7.348861615020624e-05,0.0
223676342_389137494_3277416899_0,0.002836270900602595,7.453310656729308e-05,0.0
223676361_5862744483_2325453378_0,1.727577483906793e-06,7.466408761079015e-05,0.0
223676368_2325452849_2325452850_0,7.903666988873578e-05,7.016808745963113e-05,0.0
223676392_2325451853_25495368_0,0.00015319910330502024,6.917155563693804e-05,0.0
223676446_3110055573_2325452721_0,0.0038685190136355223,7.314631308823059e-05,0.0
223676491_12634504454_29356940_0,7.560208131954013e-05,6.05394359626985e-05,0.0
223676532_2325451810_3269462129_0,0.001658865146124262,6.837008225865953e-05,0.0
223676543_3277883741_3110064981_0,0.0060093165785739255,7.402388701857192e-05,0.0
223676548_9471344359_5495700158_0,0.0005645476420623985,6.733617395434453e-05,0.0
223676554_5348422758_6475102309_0,0.000468811056495897,7.029346773707943e-05,0.0
223676558_1658934336_1969331837_0,0.0003240030438269954,6.783728398646497e-05,0.0
223676562_12634504454_29358938_0,9.049215391892726e-05,6.061716996441639e-05,0.0
223676585_2325438077_5639373305_0,0.010481315426855603,5.951699546177725e-05,0.0
223676585_29358836_5447415481_0,0.010535034860045657,5.991307050026959e-05,0.0
223676585_5639373305_29358836_0,0.010480163708532999,5.961634384348475e-05,0.0
223676605_1108674386_1667732391_0,0.001770047097052835,7.26806454196158e-05,1.291236900370996e-07
223676605_8974399464_1438388966_0,0.0016168685601464327,7.280414611745664e-05,0.0
234792409_5853120075_7210854542_0,4.2387347551570246e-05,7.325242422692172e-05,0.0
235119048_5862685897_6389911884_0,6.169919585381404e-05,3.600010451764959e-05,0.0
235829197_10793585087_2439023829_0,7.626020607531415e-05,7.201829261941142e-05,0.0
237826560_5488186455_1909815223_0,0.011495567941097833,5.043120762638416e-05,0.0
237829584_2456932257_2456932247_0,0.008168952964646361,4.8392571380437234e-05,0.0
238274953_8764048787_1909819960_0,0.0069530674783538655,4.875211622880834e-05,4.980871914360108e-09
238276133_5524079440_7290367375_0,0.0001700635501717294,4.4060168209606395e-05,3.354891949728272e-05
238276133_7290367354_5524079440_0,0.00020163297205026427,4.352356337951303e-05,3.3754668546924623e-05
238276244_2461217863_8766882949_0,0.0005960347983464615,4.544995223858516e-05,0.0
239929577_1666277222_2628296772_0,0.00014628879336939308,6.621106732792944e-05,3.7050095461523624e-10
239942357_2477130440_5346041151_0,0.000735557246570553,6.339174010358931e-05,0.0
239942357_5346041218_7286833908_0,0.0006597906340620694,6.32187130541008e-05,0.0
239942357_7286833908_5346041218_0,0.00026137836003537417,6.32187130541008e-05,0.0
239942401_5346161512_7577178312_0,0.00038325483824527487,6.527231104059791e-05,0.0
239942528_2477132782_5346063815_0,0.0014019496945889805,6.420678880194331e-05,0.0
239942529_2477131880_2477137088_0,0.0006010324332106204,6.391221496653931e-05,0.0
239942529_5346063780_2477132787_0,0.0019019599777882895,6.396840601222923e-05,0.0
239942531_2477132814_2477132816_0,0.0008893733418341114,6.448380164628215e-05,0.0
239942531_2477132816_4118980776_0,0.0008803241264422187,6.450062517941447e-05,0.0
239942539_2477132887_2477132782_0,0.0027841762129033583,6.430716283064347e-05,0.0
239943952_2477140731_2477140738_0,8.113444254776545e-05,6.756941150429151e-05,0.0
239944111_2325451298_2477145871_0,0.010994200275589741,6.777332834097537e-05,0.0
239945444_295556217_3271908170_0,0.0017951175369681014,6.805071726435525e-05,0.0
239951087_5492695991_6615580189_0,0.0012630031055261913,4.766358302378335e-05,0.0
239951087_5492696353_1865707928_0,0.0012375830368344198,4.7623719776683745e-05,0.0
239951088_2700952550_2700952552_0,0.008015342533368981,5.170254163209828e-05,0.0
239951088_2700952625_5377091953_0,0.009836558830183246,5.2902287220598856e-05,0.0
239951088_5495351983_5377091953_0,0.008028607860477552,5.3334977137018496e-05,0.0
239951654_2477247456_5487801117_0,0.0006906813647862123,6.630439319968103e-05,0.0
239951685_2477247660_5487801125_0,0.008320691853649507,6.600595014251054e-05,0.0
239951685_2477247663_5490408569_0,0.007830430043395101,6.541012903210888e-05,0.0
241408601_5353900859_9728687210_0,0.003413076116241285,7.49065168215063e-05,0.0
241739546_1849525863_3375103669_0,0.006913744524196368,7.282796225732123e-05,0.0
241739612_2493371593_2493371622_0,2.5276103901445817e-05,7.321424381658161e-05,0.0
241740055_3733980760_5509717698_0,0.0005644653764679267,5.519012068032843e-05,0.0
241740056_3733945210_1858814713_0,0.0035236205088127015,5.535972900536537e-05,0.0
242631861_2255625781_2255625778_0,0.0013169076363038067,6.929987743672608e-05,0.0
242633051_12819917454_30236677_0,0.00011171667729263928,6.509393814443386e-05,0.0
242702935_2501593033_2500902327_0,0.001259774180943175,7.424310752939418e-05,0.0
242703300_5847788388_2500902328_0,0.0009127573370627069,7.30222550830295e-05,0.0
243427751_3110473585_3110473587_0,0.0004851407769985398,6.300302761927448e-05,0.0
244645572_5154609667_2519395099_0,4.685025605166279e-05,6.713007702964077e-05,0.0
244646247_2519403303_2519403304_0,0.0014978713777430435,6.671567478762594e-05,0.0
244703787_2519917284_2519917283_0,0.0016613125475597968,6.765341721160997e-05,0.0
244703790_2519917283_2519917292_0,0.001486025132139111,6.761589534407097e-05,0.0
244792403_5841989830_2519917309_0,0.0004977891121485717,6.86094389019544e-05,0.0
244792405_5842007853_2519917308_0,4.483474898710487e-06,6.853676816823098e-05,0.0
244792407_7190149295_6445031501_0,1.8715422742323592e-06,6.824576125132403e-05,0.0
244792412_2520649143_6445776996_0,0.00016650556321082615,6.83376242797164e-05,0.0
244799595_5369662928_5369867705_0,0.011484276988256586,6.916190317806832e-05,0.0
244799596_2520649249_8123220089_0,1.1517183226045286e-05,7.013215654837058e-05,0.0
244802257_2520649169_25434520_0,0.0001971494971515538,6.887960928532096e-05,1.943501142609399e-09
244807187_3277871564_25432860_0,0.019061390699874545,7.135044603129728e-05,0.0
247058986_25433661_3269294963_0,0.0015985850317750858,6.826821316873794e-05,0.0
247058988_2962096518_12809237529_0,0.004749974292001727,6.833710132700995e-05,0.0
247060527_1969331837_2539986928_0,0.010615840240215535,6.78752488554109e-05,0.0
250079403_4842808124_4858782754_0,0.001410402484420953,5.271006809886909e-05,0.0
254609689_1858790171_4443200319_0,0.002488904427945622,5.463222859229345e-05,0.0
255003253_5476930719_6390737282_0,0.001953273142340045,6.292564765300336e-05,0.0
255027925_1777901379_2614138782_0,0.009373074470929395,7.432266578190863e-05,6.493087121036485e-07
255029936_12806537959_5395151808_0,0.00029342080908212163,7.364301517534123e-05,0.0
255029947_3110090824_12986852699_0,0.008095654319972029,7.325132841235335e-05,0.0
255029956_1107865397_6469653354_0,0.0014191637702321946,7.310949426816301e-05,0.0
255736446_5269229741_3272299563_0,0.03453563128560558,7.551079394474847e-05,0.0
255736452_2614138789_8123304891_0,0.006917281944758653,7.617117322306465e-05,0.0
255737213_535155337_535155164_0,0.0005511589165621207,5.648099212467736e-05,0.0
255739139_29357239_11367547338_0,0.0034669189478230464,5.6209586193793535e-05,0.0
255739141_306901700_306901720_0,0.005311642638257614,5.452172420708381e-05,6.701693785445579e-09
255739141_306901720_306901700_0,0.005311642638257614,5.452172420708381e-05,6.701692009357687e-09
257232541_6616855143_5509853099_0,0.06278586265759002,6.176698815223505e-05,0.0
257233130_13383322779_2628304850_0,0.008368652695226539,5.207157903122692e-05,0.0
257235638_535136110_12643404800_0,0.00196888303889106,3.8797898707371354e-05,0.0
264410199_5474486433_5474490331_0,0.006837360919729346,5.558949064347404e-05,0.0
264410205_5488186767_5488186130_0,0.002996071817863974,4.716644500796891e-05,0.0
264410206_1865691033_1865707922_0,3.2330378627398555e-05,4.376282361558397e-05,0.0
264410208_5490413522_5490413524_0,0.0036218250622133555,4.826170058794197e-05,0.0
264410209_1865707951_8417851523_0,0.0014767291199638032,4.57415182885521e-05,0.0
266857008_2723584290_2723584288_0,0.00013462764535302223,7.209399478037402e-05,0.0
269468430_3272727748_690562785_0,0.0014058573103263887,6.204361023121296e-05,0.0
269468430_690561900_3199643578_0,0.0017058593669662505,6.03867041030367e-05,8.93658211950463e-06
269468432_2518075049_2518075057_0,0.0006412808753059251,6.028921466522121e-05,2.275905292289698e-05
271678843_5460792465_5458661796_0,0.02051965119387944,7.08855668807749e-05,0.0
271678844_35138722_35138723_0,0.02681568393558604,6.770545893897007e-05,0.0
271678844_35138722_5460962361_0,0.017238919852744585,6.797070109165352e-05,0.0
272989152_5477135106_12182575120_0,0.014299775826255063,4.826254478765487e-05,4.706614784436078e-06
27596048_3271836592_5471927660_0,0.0006580219237809267,6.016857535863121e-05,0.0
278473460_1879489286_5521499908_0,0.0037055508709869815,5.240663206379269e-05,0.0
278473460_5521499908_5521648066_0,0.004180675811858586,5.215095244779051e-05,6.664628388459132e-06
27856605_1667527604_5397333941_0,0.0031692408942270117,6.968696131641396e-05,0.0
27856605_5397333824_1904244227_0,0.0028230261398926432,6.928076903146263e-05,0.0
27860749_634443437_634443439_0,0.06233062542418197,5.465874509144711e-05,0.0
27947723_5082941230_29357312_0,0.0030787693067067024,5.5926840940106456e-05,0.0
28040929_5476930718_4091612597_0,0.028876478209900663,6.279675679496826e-05,3.222633857684092e-06
281830402_5171350567_5355819270_0,0.005665713756864035,5.759957923831847e-05,0.0
281830402_5355819270_5171350567_0,0.005665713756864035,5.759957923831847e-05,0.0
281830402_5355819364_2858054104_0,0.00031207453262859137,5.787497677290143e-05,0.0
28446171_312523341_3443083783_0,0.0029897784998868847,6.313505343933908e-05,0.0
28446171_3443083783_312523341_0,0.0029897784998868847,6.313505343933908e-05,0.0
289314008_5477134657_5477134666_0,0.0014838862266828455,5.096499809521464e-05,0.0
289516675_2930758864_2930758863_0,0.0011634823026139892,5.321853856045997e-05,0.0
29064672_5458147874_5458147981_0,0.0013725191781667112,5.2851294069707915e-05,0.0
29064672_5458147932_9771408615_0,0.0007724327992925158,5.3580371963584295e-05,0.0
292276219_11132665439_11132665441_0,0.02457557123172161,6.276534677228038e-05,0.0
292276224_2958261192_2958261193_0,0.001828805297904284,6.788236554229264e-05,0.0
292668296_29379476_29379393_0,0.007123912551673077,6.597305708081166e-05,0.0
292668837_3277449482_3376669072_0,4.853670073833371e-06,6.881249185215397e-05,0.0
292669715_7179048891_25435214_0,0.0,7.344539768800736e-05,0.0
294992957_5369663152_1849960655_0,0.0014666721510396314,6.748739589969039e-05,0.0
296070052_2255972088_2255972096_0,0.0,6.807192981671449e-05,0.0
296967120_5355819502_690562989_0,0.00569598749562964,6.0569699199234734e-05,0.0
299010976_1956899631_1956570020_0,3.1466589885445157e-06,6.258297588386999e-05,0.0
299057662_3029961490_5512831487_0,5.552927626843263e-07,4.518739925782159e-05,0.00038778992311236295
299057662_5512831487_3029961490_0,5.552927626843263e-07,4.518739925782159e-05,0.00038778992309851417
299057662_5521550624_5512831614_0,1.439647903255661e-07,4.6388355519091594e-05,0.00020476418078641234
299058972_3115309096_5521740971_0,0.001310902247907369,5.0725656538298024e-05,0.0001985784353337276
299058972_5521740971_3115309096_0,0.001310902247907369,5.0725656538298024e-05,0.0001985784353337276
299058972_5521878640_3029915080_0,0.0018349340846924294,4.9874333438303746e-05,0.00019031897670418273
299071748_5391750447_3030142180_0,0.0,4.3965045540446106e-05,0.0
299071749_6665223734_3030142215_0,0.0,4.252132734221828e-05,2.1808314714280026e-06
299086504_2041524716_2520649200_0,0.0012699545482590543,6.957922699436516e-05,0.0
299086504_2520790641_2041524716_0,8.51654566768813e-05,6.942336449218703e-05,4.547128462842907e-09
299086504_2520790641_2520790639_0,5.8696501655595084e-05,6.93325539421244e-05,5.602303511746746e-06
302584615_5269487331_1107494497_0,2.3651358410628714e-06,7.474795433741715e-05,0.0
306036443_3108102104_3108102097_0,0.00022143841391933857,7.340781945066005e-05,0.0
306162714_3110055589_3110055587_0,0.0,7.211850623923828e-05,0.0
306162722_3110064992_3445700666_0,0.006067416654669601,7.345819497768328e-05,0.0001733545647887317
306162722_5862690035_3445700666_0,0.006076959463628324,7.401288201111677e-05,0.0
306163531_9789653919_3110064968_0,4.845443514386196e-05,7.371647800391229e-05,0.0
306165761_389141608_3110090805_0,2.0196203442815126e-05,7.424293328333101e-05,0.0
306181113_3110267153_9336355130_0,0.013045410608148407,5.9541624389430375e-05,0.0
306181124_3110267102_5490031079_0,0.0005347263640663883,6.368996744117047e-05,0.0
306181129_3110266609_9322775075_0,0.02909651810871398,6.209297788247085e-05,0.0003628444994328686
306181594_3110271773_9766028618_0,2.1862081730868108e-05,5.759341733809109e-05,0.0
306183811_8414814821_3110299811_0,0.001596178763136787,5.8028768699646526e-05,2.8135527127334027e-06
306196028_3110442007_3110442004_0,0.0,6.195337067969357e-05,0.0
306199567_3110473587_3110473580_0,7.767928757995188e-05,6.29247978066024e-05,0.0
306199569_3110473591_3110473588_0,9.871871336610246e-07,6.30673001748149e-05,0.0
306250134_3111016376_5497900241_0,0.0013987413364045821,5.9893853764027646e-05,0.0
306307103_3111802843_3111803001_0,0.00031485099644201303,5.117852771029147e-05,0.0
306307108_3111802864_1783124934_0,0.005560475495136046,5.172929143336208e-05,0.0
306316117_3471717638_5358097710_0,0.002078337412335726,4.9805528023483364e-05,0.0
306327630_2700952474_5355760298_0,0.0022503136375789236,4.917121574536803e-05,0.0
306327630_5355760298_3111972718_0,0.002240524031836785,4.959360973918184e-05,0.0
306525714_3114690029_3114681301_0,0.0002646895502128622,4.7857721098204314e-05,2.1761491221278898e-05
306525718_3114681325_3114690029_0,0.003450609793719022,4.7955404674942906e-05,1.3099720588237154e-05
306525726_5521607402_1896186615_0,3.7492544680501e-05,4.780717874111674e-05,0.0001715063038436053
306529253_3114721403_5474543682_0,0.00022970610616374965,4.564660777377167e-05,0.0
306531341_3114745400_3114745395_0,0.0001942290685478066,4.5650003070516184e-05,1.703546254788599e-05
306535631_11806542105_5472515045_0,1.8962219525738847e-05,4.610898653134393e-05,1.7620942089753093e-06
306542697_5498104929_3114862211_0,0.005160027147646176,4.349027556549777e-05,3.8279693957877e-06
306546658_29489287_5481761518_0,0.009746395738642206,7.37906955890161e-05,0.0
306546658_5487589106_29489275_0,0.009345350965592416,7.439077059378449e-05,0.0
306548919_3115027400_3115027396_0,0.00028871110379861384,3.82773445581814e-05,0.0
306549833_3115027394_3115027396_0,0.00011482220348394792,3.823526812879673e-05,0.0
306556210_29380398_5342210915_0,0.01747763404150299,6.58513935328351e-05,0.0
306556211_3115585845_3115112900_0,0.0018878925611336198,6.601794901817062e-05,0.0
306556225_3115501961_8417009918_0,0.005890257696974682,6.780936184266109e-05,0.00010299506473373363
306559872_3115173091_5042411965_0,0.0,7.395836730458573e-05,0.0
306559910_3115173058_5444644647_0,7.01725520844045e-05,7.49476245875121e-05,0.0
306560105_13112016011_3115175873_0,0.003444131378154371,4.52638272726792e-05,8.859644968761847e-06
306560105_5497909813_13112016011_0,0.002682763301318306,4.510004755977319e-05,1.5258996336591025e-05
306560843_3115195452_3115195449_0,1.365608868231084e-05,7.457321100116089e-05,0.0
306561722_5458167415_3115216999_0,0.0004373855994076877,7.198661038391443e-05,0.0
306561729_3115219747_3115219746_0,0.0,7.164016969639386e-05,0.0
306565484_3115275513_3115275525_0,0.0,6.938165806107432e-05,0.0
306565543_3115275525_11353769556_0,1.0283199308969005e-05,6.918263089931451e-05,0.0
306572671_4962978266_3115337264_0,0.002246879049009728,6.470150748601311e-05,0.0
306572673_3115337255_5477099278_0,0.006542952923513564,6.678794327832148e-05,0.0
306572673_3115989553_5477099278_0,0.006543446517080394,6.657963520777845e-05,0.0
306572703_3115337237_3115337230_0,3.965201653538449e-05,6.693180404797506e-05,0.0
306586869_5474773966_5353903835_0,0.0012266622791682947,6.89680934337694e-05,0.0
306586876_5479476797_4162009929_0,0.0019961746498570634,7.005843079009828e-05,0.0
306586879_3115502288_9252766067_0,0.002160952635583983,6.725573628836088e-05,0.0
306586886_307882486_6615673953_0,0.023034448717685046,7.208234165055384e-05,0.0
306590071_3115552767_3115112861_0,0.002081011044156058,6.69217622730474e-05,0.0
306593158_5474776345_3115585866_0,0.006752545091828969,6.502012019394197e-05,0.0
306626041_3109046947_3115989433_0,0.008330214096209612,6.357845524050025e-05,0.0
306626042_3109046938_6435823282_0,0.0023126915245871293,6.502800010628706e-05,0.0
306626043_6435794100_6435794098_0,0.00034808629660860085,6.458327613229802e-05,0.0
306626104_3115989455_3115989443_0,0.0,6.374197990741156e-05,0.0
306626104_6435821496_3115989455_0,6.754005306130843e-05,6.381668791477534e-05,0.0
306626113_3109046103_5358034991_0,0.004976492606379696,6.384720399295007e-05,0.0
306626113_5358034991_3109046103_0,0.006697673940316311,6.384720399295007e-05,0.0
306626118_3115989476_6435821496_0,0.00661359850276618,6.396055514616984e-05,0.0
306626758_3115995968_3115995975_0,1.314192871686239e-05,6.50906304340373e-05,0.0
306627163_11801238249_6438282446_0,0.0,6.898962900200718e-05,0.0
309931751_3152633801_3152633803_0,3.084959792690702e-05,7.03215387775403e-05,0.0
309931752_3152633808_3152633800_0,1.0283199308969005e-05,6.977633686104555e-05,0.0
314986618_6728508925_12643952088_0,0.013258540197026098,4.212658684829885e-05,0.0
314986621_690560717_690560723_0,0.0018693828023774756,3.9977261508325736e-05,0.0
316551942_3114852546_3226751450_0,1.8674289945087716e-05,4.592270560524379e-05,1.4863075267650661e-05
316552510_3226759276_3226759271_0,0.0010439298274479156,4.441891294277953e-05,0.0
316760102_2325453482_1667742500_0,0.0003790798593258334,7.369275670563081e-05,0.0
316760102_5406428405_8424837641_0,0.00010624601526026777,7.290176914280836e-05,0.0
316907701_5865523482_10232866141_0,0.01662686382987475,3.999357688339663e-05,0.0
316907701_6726782895_6726782905_0,7.115973921806552e-06,4.194635953642106e-05,0.0
317742823_5851048279_5358208113_0,7.216749275034449e-05,6.995475282415645e-05,1.246379081463795e-07
317742827_11380591251_1017853007_0,0.0028678197560825123,7.366669955508019e-05,0.0
317743190_12809507137_2041524682_0,4.189375398473973e-05,6.95113384786817e-05,0.0
317745761_1857160530_1857160790_0,0.0020383152006252184,6.689927253017587e-05,0.0
318051984_3244221166_3244221167_0,0.01138570223968081,6.692285851387899e-05,0.0
318052003_1849907075_1849907155_0,0.0011749172202455628,6.970209051706066e-05,0.0
318052003_1849907155_5243670616_0,0.00011332085638483844,6.93684089938969e-05,0.0
318052004_1857128509_2037086792_0,0.004291467001213418,7.017257196283798e-05,0.0
318052005_2037086792_11564259401_0,0.00010379861382473315,7.01444113287029e-05,1.125140771832966e-05
318052007_1847944841_29427263_0,0.0017030417703555929,6.803843123424287e-05,0.00023984507236477246
318052007_29427263_1847944841_0,0.0017030417703555929,6.803843123424287e-05,0.00023984507236477246
318053623_2958252668_5825261667_0,0.004772576764082841,6.78647863496232e-05,0.0
318053626_5825261667_5463988176_0,0.003650967649054974,6.783009039145408e-05,0.0
318053627_5825261667_10654541237_0,0.004258704728215042,6.688583677957259e-05,0.0
318053628_2325452313_2510833391_0,0.0021030787898731053,7.139822518437429e-05,3.2313327529425258e-09
318054779_5238405388_9895279782_0,0.03271601916788351,6.786182751997277e-05,0.0
318054782_3376669092_29392104_0,0.004337741398103778,6.35254430227512e-05,2.808342817139705e-07
318100670_1857160503_25448748_0,6.81776114184645e-05,6.625690183536496e-05,5.817015397818718e-07
318100672_1857160852_5465914341_0,1.3285893507187955e-05,6.682839380951574e-05,0.0
318100672_5465914341_1857160707_0,0.0,6.652088535558304e-05,0.0
318100677_1900221414_7716625788_0,0.007149188655574522,6.607611346965526e-05,0.0
318100679_13257407280_1666277222_0,2.60781934475454e-05,6.627781953414419e-05,1.992874839220331e-09
318102033_32524270_5832170517_0,0.029984081607469716,6.737428750381649e-05,0.0
318102560_320093962_1659928185_0,0.0045379552886494045,6.197988463616524e-05,0.0
318191411_2250562870_1837401646_0,0.0037871172079057235,7.371693182791944e-05,0.0
318191412_1837401646_5862462313_0,0.006750982045534006,7.354286086421318e-05,0.0
318191412_5862462313_5355891555_0,0.006740184686259589,7.338196396628736e-05,0.0
318191415_3110064950_5355823339_0,4.977068465540999e-06,7.361853333171469e-05,0.0
318191416_1013438825_2325452725_0,0.008141887584065154,7.358989367635539e-05,0.0
318191417_1911634961_5348316291_0,1.3429858297513521e-05,6.880107043131248e-05,0.0
318191417_5348316291_1911634972_0,5.018201262776875e-06,6.886920265613858e-05,0.0
318191421_5342469264_3252892639_0,0.0016861567570902658,6.4956947494158e-05,0.0
318222714_312086542_2034531650_0,0.005579951874627234,6.2498203043611e-05,0.0
318222718_5852850881_11954573571_0,0.019435205561154186,7.28527306105688e-05,0.0
318222719_1911634930_5354080508_0,0.027002426835036914,7.286979828487558e-05,0.0
318222720_1911635014_1837401645_0,0.02891121485716636,7.152881417631229e-05,1.809171339834913e-05
318222724_2041524737_1916791843_0,0.0,6.965544061622537e-05,0.0
318222725_2012498693_25433683_0,0.008550583057400819,6.866190230774089e-05,0.0
318222726_2439053883_29392602_0,6.712872508894967e-05,6.854566206391117e-05,0.0
318222726_29392602_2439053883_0,0.0005037533677477737,6.854566206391117e-05,0.0
318231942_2701409666_5472401046_0,0.0050675606194599265,6.38886916074058e-05,0.0
318231944_1381585557_12692455340_0,0.008064578491660325,6.201363512177603e-05,0.0
318231947_5334388857_1849528721_0,0.0005619357094379203,6.813713182361477e-05,0.0
318231948_1849528747_1849528769_0,1.2134175184583427e-05,6.788982959338406e-05,0.0
318231951_10176109651_11711275764_0,0.03234516586800485,6.826865333938031e-05,0.0
318231954_1837401657_29377218_0,0.03333741233572589,6.769537083321732e-05,0.0
318231955_1837401657_5344074250_0,0.006102194434732534,6.768871591917954e-05,0.0
318231955_2477709388_8760883939_0,0.004436213314686465,6.795494380586879e-05,0.0
318231955_5344074250_2477709388_0,0.0044263414433498545,6.782855505091287e-05,0.0
318231960_5487734608_5348639864_0,0.032014704975011826,7.140255903998759e-05,4.3734120103271357e-10
318231960_6438244680_5348639864_0,0.03099430310758283,7.151888740172388e-05,0.0
318478990_2439053889_25495368_0,0.009768257820373074,6.899540443809174e-05,0.0
318478991_2439053864_10793008429_0,0.00039814491084466197,6.9983543178808e-05,0.0
318478992_11727886518_2520649156_0,3.039713715731238e-05,6.89527530596772e-05,0.0
318478992_2520649156_2520649160_0,2.690084939226292e-05,6.896682827305574e-05,0.0
318478994_5238361630_2041502893_0,0.00017872200398988132,7.016255703296965e-05,9.09065455034456e-06
318478995_1017853007_1387999315_0,0.0023296588034469284,7.338569443280233e-05,0.0
318481950_1849960656_2520723803_0,0.019127182609053328,6.972419911096385e-05,0.0
318481950_8123220109_1849960732_0,0.01842498406104107,7.000581921204693e-05,0.0
318481953_29489421_30236638_0,0.011165682907266107,6.730095270786047e-05,0.0
318486204_10154700114_2520649220_0,1.604179092199165e-06,7.017699779422774e-05,0.0
318486205_12809507139_10173744442_0,0.0015363922423544413,6.90231221706904e-05,0.0
318486206_12809507137_6461589858_0,5.7709314521934063e-05,6.947730726866452e-05,3.9142717925640825e-06
318490790_5355867147_5355867150_0,0.0015164839684922772,6.457411494546278e-05,6.390813376321868e-06
318490790_6054105427_35138928_0,0.001483372066717397,6.476217631566281e-05,5.687266478601464e-06
318490790_6054105427_5455694217_0,0.0035465109104744668,6.457732908285381e-05,0.0
318531165_1666517066_1658431511_0,0.005700162474549081,6.16784649555752e-05,1.3209055897145573e-05
318531184_1658956030_5460926047_0,0.04048822573679123,6.370470215482263e-05,0.0
318538778_29379585_29356960_0,0.01519239865907081,6.202836928262181e-05,0.0
318538779_29357929_5867185072_0,0.0021908561791744645,6.217292364077708e-05,0.0
318538779_5867185072_29357929_0,6.72521234806573e-06,6.217292364077708e-05,0.0
318670697_5460926049_4375366198_0,0.028450486395327313,6.383677092862902e-05,0.0
318670699_2958261185_2958261192_0,0.0035028073134113482,6.786980714828102e-05,0.0
318670707_11176912847_29354164_0,0.00183402916315324,7.172930678523799e-05,0.0
318670709_700687715_700728686_0,0.004857454291179071,5.79718246942007e-05,0.0
318678693_4461324925_5287156563_0,0.00010589638648376283,4.012540562458692e-05,0.0
318678693_5287156563_4461324925_0,3.0047508380807434e-05,4.012540562458692e-05,0.0
318678693_5495203287_5287067604_0,3.1116961108940215e-05,3.948481505060972e-05,0.0
318729556_1857160470_1857160518_0,0.002062028258231701,6.606975209380701e-05,0.0
318729558_6639639833_11303467321_0,0.007042675277132221,6.396622167062106e-05,0.0
318729568_303034652_4620173045_0,0.05469557616765728,6.426691153904911e-05,0.0
318729569_5354183877_2477132808_0,0.001145013676655081,6.401852716857643e-05,0.0
318729569_5355819131_7311189595_0,0.0009131069658392119,6.319623505079738e-05,0.0
318729570_2477132808_4118980724_0,0.00041013512123891984,6.413823192228264e-05,0.0
318729570_4118980724_2477132809_0,0.003558007527301894,6.408098168555446e-05,0.0
318729572_5865612415_6382683114_0,0.006767579129218682,6.414499229615589e-05,0.0
318729572_6382683114_5865612415_0,0.006767579129218682,6.414499229615589e-05,0.0
318732962_10654541236_1857160775_0,9.460543364251486e-07,6.591397563815232e-05,0.0
318732963_10654541236_11553388875_0,0.006684634843592538,6.68140270566461e-05,0.0
318756518_2703686749_992010799_0,0.0032871686239022684,6.202031921259869e-05,0.0
318756525_992010726_992010729_0,2.056639861793801e-05,6.012877147246075e-05,0.0
318756525_992010729_992010726_0,2.056639861793801e-05,6.012877147246075e-05,0.0
318756526_1801230112_1801230156_0,0.002373239002118339,6.0441317283916045e-05,0.0
318756526_5466305689_5466305677_0,0.0019425374822614812,5.5635658091848165e-05,0.0
318760040_3443083749_9750893829_0,0.003153157970507784,6.273840085092314e-05,0.0
318760043_8410715136_5472401046_0,0.004952779548773214,6.402459689644642e-05,0.0
318891912_2628296768_25433952_0,3.084959792690702e-05,6.493248788631976e-05,0.0
318891923_2325452719_2325452722_0,0.004076753799642145,7.076496552022103e-05,0.0
318891926_2325452720_2325452719_0,0.0025599819015692162,7.076010264453955e-05,0.0
318891931_2325453233_6848464229_0,0.003244246549986632,7.279600253065155e-05,0.0
318892057_1911634996_8760890761_0,0.02917872200398988,6.899358453864925e-05,0.0
318896302_11727886518_2520649152_0,0.0015108282088723442,6.890272761606321e-05,0.0
318896302_2520649152_11727886518_0,9.674433909878041e-05,6.890272761606321e-05,0.0
318896304_6442968671_2439053851_0,0.0008239310614318327,7.141941688497254e-05,0.0
318896522_3278481817_2508375934_0,0.002693437262201016,6.424311063014357e-05,0.0
318899346_3115502099_5479477279_0,0.00011498673467289142,7.182909583892503e-05,0.0
318899346_5487632993_5479477279_0,3.1281492297883713e-05,7.1067487971394e-05,0.0
318899761_1831360476_3445680564_0,0.00033656911338255556,7.397961015074403e-05,0.0
318899761_3110084934_1014722265_0,0.0001695082574090451,7.391314057856539e-05,0.0
318899768_6619012655_6631082518_0,0.044078810439503936,7.508865061189648e-05,0.0
318899775_1387999282_5355955215_0,0.007085227155872735,7.510331015812577e-05,0.0
319068174_32529146_6622103728_0,0.00038570223968080946,6.864328381420948e-05,0.0
319083569_1658919899_2325450642_0,0.006741192439791868,6.771535927533554e-05,6.649730264343771e-09
319083571_5463491647_29379229_0,0.0006542582728338441,6.545057220060774e-05,0.0
319083572_29392302_2316803846_0,0.012244472780371428,6.465993985125729e-05,0.0
319178847_1849525943_25432842_0,0.0029201818069637827,6.976368173517195e-05,0.0
319178847_25432842_1849525943_0,0.0004182794150916233,6.976368173517195e-05,0.0
319178854_7132443584_7284143550_0,0.06349283261008165,6.913848627276952e-05,0.0
319191948_312524168_3383432843_0,0.00181946815293174,5.4866858430350674e-05,0.0003243192629447538
319191948_5825396969_312524168_0,0.0011167143121567982,5.471127328345983e-05,0.00045943269754612016
319194429_29354699_25435352_0,0.003857680521563869,7.304775353236952e-05,0.0
319194429_29354701_29355005_0,0.0038766838738868437,7.263440716360567e-05,0.0
319194430_1013431926_7856163871_0,0.0016675852991382678,7.320174157040394e-05,0.0
319194431_7856163870_1013421522_0,0.00658058943298439,7.324618637528201e-05,0.0
319194432_1013421522_5358212370_0,0.0064281718528268516,7.337888815403767e-05,0.0
319194433_29354929_25435352_0,0.001473417929786315,7.324525811220524e-05,0.0
319194433_3256092261_29354929_0,0.001494992081936532,7.324070037152015e-05,0.0002646326957248741
319195724_6470450620_1107865396_0,0.02124973777841762,7.30496519729019e-05,0.0
319195727_29489323_3108109224_0,0.0009210455957057359,7.268002358151951e-05,0.0
319195730_1914135257_9166288685_0,0.022350451432449663,7.497668530262435e-05,0.0
320417107_2325451571_11138589136_0,0.003453489089525533,6.828742386949182e-05,0.0
320423248_10173744453_3269364722_0,0.0001689118318491249,6.825025285988703e-05,0.0
320423248_6445776282_3269364724_0,0.0012019414680295333,6.805025006778248e-05,0.0
320426722_3269421786_3269421787_0,0.0005552721962857084,6.811541454831485e-05,0.0
320481402_25448754_1857160538_0,4.8228204759064636e-05,6.70047629255506e-05,7.6433553107645e-08
320491548_25450539_25450532_0,5.242375007712399e-05,6.782768788995053e-05,0.0
320513347_3270416574_302246829_0,0.003623696604487588,6.913968252716385e-05,0.0
320513347_3270416574_5394844339_0,0.008275692573473459,6.899290172422695e-05,3.812743531601946e-09
320513347_5394844339_3270416574_0,0.008275692573473459,6.899290172422695e-05,3.812755056397827e-09
320513352_4155820125_2519403293_0,0.009626987228266458,6.834299418070121e-05,0.0
320518103_2477130742_3271419937_0,0.0007630133887255002,6.519058983663501e-05,0.0
320604773_8410745145_3271894417_0,0.008751886967073196,6.77993818339131e-05,0.0
320605144_3271896126_3271896127_0,5.705118976616005e-05,6.781553431545635e-05,0.0
320617422_5392239229_5392239244_0,0.0027868292783250724,7.040638956976358e-05,0.0
320618829_3272718020_7673353742_0,0.0648549657569463,7.056865740952273e-05,0.0
320618829_7673353742_7673353741_0,0.06485077021162824,7.062228730760028e-05,0.0
320627022_5825176142_5825182245_0,0.001299878658248154,7.498247127920034e-05,0.0
320628465_3272371131_3272371137_0,8.839438125989758e-05,7.601536098039935e-05,0.0
320628500_3272376486_9973785684_0,0.02118647553626884,7.605204506166841e-05,0.0
320628526_10816174967_2614138771_0,0.003547786027188779,7.511504988267907e-05,0.0
320628550_3272382566_3272382569_0,3.2289245830162677e-06,7.509142255688883e-05,0.0
320642946_10184467593_11181449018_0,0.0018119614174361928,7.491390634663469e-05,0.0
320645283_3272599105_3272599108_0,4.211998436953705e-05,7.285212445329751e-05,0.0
320650435_6615831436_6615824168_0,0.04845536063179976,7.268499014150192e-05,0.0
320650444_6615867401_5406559329_0,0.002703411965530716,7.214918008275519e-05,0.0
320650879_3272680714_3272680717_0,0.002445529893260391,7.10940708378103e-05,0.0
320650881_3272680725_3272680726_0,0.005284597824075026,7.11076517848951e-05,0.0
320651245_3272690317_3869649891_0,0.0019260843633671307,6.989350672386574e-05,0.0
320653578_4118981192_7284124068_0,0.003359644612631882,6.87365469443111e-05,4.874268782219e-08
320653996_9327097034_3272725789_0,0.008294963288978467,6.635899323553745e-05,0.0
320808834_1849960213_3274560798_0,1.9743742673220492e-05,6.848199882797276e-05,0.0
320813141_3274600252_3274600234_0,1.1949077597021985e-05,6.862559012384466e-05,0.0
320814053_5374108596_5474692069_0,0.001271332496966456,6.682642195711993e-05,0.0
321021709_3277353718_3277353721_0,0.0039841433066655696,7.444874820717806e-05,0.0
321022195_3277357457_3110083501_0,0.0002924953211443144,7.320842002868654e-05,0.0
321030151_1108586472_7669230603_0,1.768710281142669e-06,6.815402890864976e-05,0.0
321031842_29427263_5360090964_0,0.00508029122020443,6.790736427241047e-05,0.0
321031842_5238405384_29427236_0,1.2195874380437242e-05,6.773263222215905e-05,0.0
321072379_3277871564_3277871561_0,2.7044814182588486e-05,7.129183168211827e-05,0.0
321072382_3277871574_5391666889_0,3.2700573802521437e-06,7.123138100136943e-05,0.0
321072877_3277874428_3277874430_0,2.3445694424449336e-06,7.303060256486832e-05,4.061733753745379e-06
321082121_3278000630_5397334091_0,0.00012294593093803343,7.242050856432692e-05,0.0
321083498_8417241373_3278023502_0,0.011349320280525677,7.023383433267137e-05,8.345792427986527e-05
321083502_6616440053_3278023521_0,0.005248565493696399,7.27153404341884e-05,0.0
321085761_5841989830_1849907144_0,0.0008963042181683565,6.862774134801803e-05,0.0
321131395_3278481815_6789581183_0,0.0018428315817617176,6.321677502273646e-05,0.0
321131395_7561510308_6789581183_0,0.0015835098615881373,6.26998157588207e-05,0.0
32360477_1901853813_2519403309_0,0.005225222631265039,6.75520471526353e-05,0.0
32360477_4123957908_5346598754_0,0.005139666413014417,6.793843392315754e-05,0.0
32360477_5346598754_4123957908_0,0.005139666413014417,6.793843392315754e-05,0.0
32360506_2255972096_35137793_0,0.0006461756781769944,6.825333483845107e-05,0.0
32360506_35137792_2255972087_0,0.0005301606235732061,6.806794292338759e-05,0.0
32360506_35137793_2255972087_0,0.0004928531764802665,6.820220939853368e-05,0.0
32360510_3269049493_1681348807_0,0.010211360878596549,6.287436741678415e-05,0.0
32388791_364365279_364365320_0,3.403738971268741e-05,6.958052935383948e-05,0.0
32388798_364365905_6442968672_0,0.0040237336240051,7.12997461992382e-05,5.5464679295356505e-08
327977791_3347961509_1382551399_0,0.0,6.63117663052599e-05,0.0
329101460_1667725421_7206318395_0,0.003905003804783744,7.003082042644559e-05,0.0
329101460_3359249111_5395278804_0,0.003992884026078193,7.078803833632511e-05,0.0
329101460_5395278804_3359249111_0,0.005483125269933982,7.078803833632511e-05,0.0
329101460_5395278804_8414125993_0,0.0,7.025459336154543e-05,0.00024931422381119326
329608957_262868081_2613148326_0,0.0045926619089731195,4.884919217594113e-05,0.0
329608958_2613148329_5406833272_0,0.012035991197581392,4.894620538498848e-05,0.0
330544293_1783568652_1387999316_0,4.6418361680686094e-05,7.32488127333837e-05,0.0
330544293_5358212370_1783568652_0,0.00011478107068671204,7.333316134733152e-05,0.0
330544298_1017853007_6443246208_0,0.009350574830841372,7.353957103481458e-05,0.0
330592461_1849525968_3269364722_0,0.0014330666556979206,6.829178514705729e-05,0.0
330592461_3269364722_11181678841_0,0.0015916952882380766,6.827241975588427e-05,0.0
330592463_25450505_1666747506_0,4.024844209530469e-05,6.849770005580889e-05,0.0
330594960_5332863125_2520649241_0,0.029811364991876272,7.028348242118972e-05,0.0
330635689_1849960008_5392239558_0,0.029727166155934435,7.019449699430808e-05,0.0
330635690_5392239252_5332863119_0,0.011262961972728955,7.038784145231867e-05,0.0
330635692_5825223577_3376282078_0,0.0004385578841289102,7.335407289161191e-05,0.0
330635696_1777901456_12806537959_0,0.0001525204121506283,7.374031264845222e-05,0.0
330635697_29434782_1777901399_0,0.016838142442876826,7.439160831202841e-05,0.0
330648969_1896207947_25432842_0,0.0005209468769923699,6.969333875644801e-05,0.0
330716201_2325451810_1666714153_0,0.0014436789173847768,6.843418698703041e-05,0.0
330736324_25447039_1900221419_0,0.0011230076301338872,6.502251269271985e-05,0.0
330757698_3401289637_1792457326_0,0.04037825720338111,4.926344231380148e-05,0.0
330757700_277932715_5317579788_0,0.019110852888550686,5.086802832797724e-05,0.0
330853614_3277871582_1849525950_0,0.01920416263908027,7.144008717536042e-05,0.0
330855370_3270489638_5388560191_0,9.688830388910598e-05,6.692827633630955e-05,0.0
330855370_5154609706_5394983366_0,0.0014546613742467557,6.675580263111098e-05,0.0
330855372_2477140738_2519398522_0,0.0028743598708430166,6.781710331468552e-05,0.0
330855372_5394983542_2477140738_0,0.004306912366575489,6.792389016918198e-05,0.0
330960872_6639564151_5408954335_0,0.00239886473479629,6.880984574528091e-05,0.0
330967899_1856650991_11224280874_0,0.06803465438167122,7.178889562317443e-05,0.0
330976388_10101152065_2670043300_0,0.0023601793389959485,6.905163156679218e-05,0.0
330976389_7709492203_7715425663_0,1.3985151060197848e-05,7.202612224055757e-05,0.0
330976391_3272670872_1856650991_0,0.06883152006252186,7.160912351236502e-05,0.0
330998789_5353894950_3380407826_0,0.013331324681734981,6.321178552507001e-05,0.0
330998789_5354184600_5354184416_0,0.005664459206548341,6.147939597725164e-05,0.0
331107872_634443439_3046973747_0,0.062325648355716426,5.435749910941131e-05,0.0
331107873_5460899166_634443437_0,0.07273644160171112,5.470153886570552e-05,0.0
33113950_5421786583_5421786292_0,0.0014396479032556609,3.8233569450219724e-05,6.851757252424278e-06
331148442_29380403_3252892639_0,0.003211587108981346,6.508235749349805e-05,0.0
331188293_3443083625_2703686749_0,0.0033006190485984,6.205814491857898e-05,0.0
331191951_13240841519_5444284689_0,1.604179092199165e-05,5.5328582984987145e-05,0.0
331191951_5444284689_13240841519_0,1.604179092199165e-05,5.5328582984987145e-05,0.0
331287579_2493820736_5374108596_0,0.02680527733788536,6.692227673622323e-05,0.0
331287580_1849528737_1849528747_0,0.0005662957859449232,6.804413041173145e-05,0.0
331287581_2325452148_12806120205_0,0.03478345638895173,7.184357681292365e-05,0.0
331287582_5353916448_1837401639_0,0.034622606585360836,7.036895626431056e-05,0.0
331292384_5862588301_7581107598_0,0.02439954342595068,7.040633269864e-05,0.0
331304489_5460962041_12813271265_0,0.0014344446044053224,6.679344553600316e-05,0.0
331309151_2035842609_2519917292_0,0.00014081813133702157,6.759694395081303e-05,0.0
331312466_12813271261_4146680472_0,0.026466548752647923,7.408730106056086e-05,0.0
331312466_4118521467_5197194281_0,0.022140591900952224,7.307867453964573e-05,0.0
331312466_5197194281_4118521467_0,0.022140591900952224,7.307867453964573e-05,0.0
331405573_29489276_3115073197_0,0.02248721798325895,7.345628170773297e-05,0.0
331405573_5488117458_5488117821_0,0.021773522818419266,7.164538625363217e-05,0.0
331405578_1911749068_1387999324_0,0.01957219834234827,6.927914593639616e-05,0.0001556057718912713
331411121_11132665441_12809283848_0,0.0245635193221315,6.285793945113743e-05,0.0
331411122_11520711530_5850126647_0,0.009809822511979926,6.858136984846982e-05,0.0
331411122_25495439_11520711530_0,0.00991750817514345,6.842398735633667e-05,0.0
331415856_29379447_12809082543_0,0.016254776546079014,6.574956973011544e-05,0.0
331415857_11369490713_29357859_0,0.014702095716019168,6.33435342623936e-05,0.0
331425544_29356793_5646605222_0,0.0024013121362318245,5.8487414681434466e-05,8.74055811962995e-06
331425547_1585594352_1667213302_0,9.415297287292022e-05,5.7528676588660825e-05,0.0
331450516_29380398_5342210867_0,0.003741500935771137,6.580508391763992e-05,0.0
331452013_12393475052_11711275765_0,0.022538839643789974,6.821067622787684e-05,0.0
331452014_2604179168_10680268006_0,0.036043004339510104,6.736916177090534e-05,0.0
331558799_2958261185_9857713262_0,0.00018532381794623943,6.758965332536471e-05,0.0
331562845_7514017632_3472154933_0,0.03273930033111901,7.356879906568146e-05,0.0
331562846_10176052059_2614138805_0,0.018951298768072722,7.607686895600704e-05,0.0
331562846_10176052060_10176052059_0,0.018397507352487505,7.58555061043745e-05,0.0
331562848_5147841129_12806120215_0,0.004576969746827633,7.363410821669744e-05,0.0
331562849_1849525974_2493371624_0,0.00444394628056681,7.32788380652605e-05,0.0
331562850_2493371601_240791836_0,0.017256154494786416,7.353202784759122e-05,0.0
331563879_389140807_11369783825_0,0.018884704769347838,7.422559012990779e-05,0.0
332241089_3393521041_3393521028_0,0.0,4.5209963392679664e-05,0.0
332241114_6390056496_3393521010_0,2.056639861793801e-05,4.544977605904061e-05,0.0
332874579_3399870086_5397576651_0,0.0004720605474775312,4.7531433410868104e-05,0.0
332992583_5406854873_3399486894_0,0.0015468194064537357,4.587388308485718e-05,0.0
333014199_3401285418_3401285429_0,3.9487485346440985e-05,4.649479508239137e-05,0.0
337084413_7222070516_3441810531_0,0.0,5.9505355219045686e-05,0.0
337211268_3443083648_9381097965_0,3.434588569195648e-06,6.224894645132239e-05,0.0
337427594_6438331923_3445185723_0,0.002262797441540012,6.14179053100121e-05,1.7219527768825783e-05
337455455_3445435959_3445435955_0,0.0,6.225844442790958e-05,0.0
337455541_3445438404_3445438441_0,6.560681159122226e-06,6.353469845226292e-05,0.0
337455648_3445438201_5497908299_0,0.007621722230220266,6.352674213101276e-05,0.0
337483564_7200737289_5355897675_0,0.0,7.478164601954634e-05,0.0
337486958_3445700629_3445700630_0,1.0283199308969005e-05,7.251180559941602e-05,0.0
338053329_3451139935_3451139918_0,0.0,7.059699111900642e-05,0.0
339351208_6385000163_5413637977_0,0.0020781523147481644,3.965256450827907e-05,0.0
339351210_12806516351_5458169533_0,0.036107459432778724,6.0101114955710606e-05,0.0
339351212_1935487244_3401285418_0,0.04097184460029204,4.6504052134539254e-05,0.0
339694301_3046973756_5421785757_0,0.0020234456944244494,3.9419936528859715e-05,1.4403614937989738e-09
339694305_5506936219_5506936417_0,0.007828106040351274,4.086716374823394e-05,0.0
339798648_5287118062_1679237616_0,0.006745531949900253,5.265017048225739e-05,0.0
339798650_1858790191_2628304824_0,0.0015083396746395738,5.372579462105772e-05,0.0
339798651_1858814892_4523432003_0,0.002633691874215906,5.40453844527166e-05,0.0
339798654_1858814825_6438268649_0,0.0018648787610801472,5.3789787750476554e-05,0.0
339798655_7130358496_5510483488_0,0.03136441601711124,5.399993466440843e-05,0.0
340013843_2518054008_2518054000_0,0.014053966229973468,6.211819685636775e-05,0.0
340013843_5461006178_2518054014_0,0.011866215576990313,5.977789954948088e-05,0.0
340400236_2325453234_6436715527_0,0.002292557020340168,7.23545653680221e-05,0.0
340400259_1857160470_3419778702_0,0.0019874750632416756,6.573846066586483e-05,0.0
340403801_3277874415_3277874431_0,0.020146268226970774,7.269896876000952e-05,1.4460727612155843e-05
340403803_10771913958_11181449060_0,0.0007751475639100837,7.495684137072143e-05,0.0
340405401_549742407_549742406_0,0.0001450548094523168,6.668602106952589e-05,0.0
340405402_5490552357_5490125231_0,0.031326779507640415,7.48309660034853e-05,0.0
340405405_3441638283_29489296_0,0.0,7.383678543579299e-05,0.0
359102896_3638920229_5510037011_0,0.015767229500442178,6.291149576315631e-05,0.0
359102896_4087159317_710309612_0,0.018122226106986404,6.595480798723521e-05,1.1420942868573463e-06
359102896_5510037284_3638920230_0,0.015749706928819694,6.293298966594517e-05,0.0
359298189_3640470514_5512911583_0,0.0021865783682619338,6.288409236799759e-05,0.0
359298189_5512795183_5512815496_0,0.002499290459247681,6.30957621345801e-05,0.0
359307915_25435318_1849525885_0,2.8011434917631572e-05,7.316181645169109e-05,0.0
359375972_3638920230_5512700308_0,0.014129074717726179,6.293187983392854e-05,0.0
359375972_3641025094_3640453033_0,0.016936120765892685,6.300350424290365e-05,0.0
359518137_3642177034_3642218401_0,0.007847047693478394,5.596537430667376e-05,0.0
359542630_3642308978_3642320615_0,0.004217448532587459,6.109205808235387e-05,0.0
359542630_3642339805_3642308979_0,0.0046466281389465885,6.0455623584326974e-05,8.969245370723666e-05
359545402_3642308979_8424644247_0,3.084959792690702e-05,6.061397971355111e-05,0.0
359577529_4522308279_4522308278_0,4.1050531641404275e-05,6.209899236869697e-05,0.0
360122629_3647231264_3647231255_0,0.003016432552495732,5.6069919439421816e-05,0.0
363003020_3848242876_5504789145_0,0.004110564958970035,5.77645330025275e-05,0.0
364833055_3672187363_3672187370_0,1.5178002180038254e-05,5.5715403832725605e-05,0.0
370013036_3737413721_3737425926_0,0.000511260103243321,5.968206700370794e-05,0.0
370013036_3737425926_3737413721_0,0.0019433807046048165,5.968206700370794e-05,0.0
381595287_5497909717_3847851718_0,0.0017030623367542109,4.541044364802427e-05,0.0
381601465_5455615436_4131280772_0,0.001235855459350513,6.584090069591522e-05,0.0
383052676_5406559039_1856650991_0,0.002329412006663513,7.129247439221009e-05,0.0
385546260_5512693030_5512693015_0,0.009033852292125126,4.311875056258034e-05,0.0
385546260_8417172091_6075026708_0,0.00888799539312671,4.344861762791585e-05,0.0
385546262_6382307157_690667938_0,0.014089628365176974,5.467658385110658e-05,0.0
385546264_5512830824_690561515_0,0.0013357053246406021,4.214185626713383e-05,0.0
385559526_710309612_5497974615_0,0.011709006025954795,6.62085218794365e-05,0.0
385559527_710309612_710308658_0,0.02960927955905641,6.649372918195488e-05,0.0
385643845_9372965562_1666276659_0,0.06265604754951361,6.342333381238646e-05,0.0
385643848_3470022241_2628304804_0,0.0028253707093350883,5.493499523554705e-05,0.0
385643853_1780853593_5474488488_0,0.015389548156222363,5.59247572850371e-05,0.0
385643865_2628299957_2628299939_0,0.006338502354852641,6.148697086002547e-05,0.0
385643867_1865707904_1865707976_0,0.0019379717417682988,4.594425260353748e-05,0.0
385643868_6393777605_1865707976_0,0.004389609855418217,4.598333244395899e-05,0.0
385643870_1865707951_2477295043_0,0.0009820249676079221,4.566745100052048e-05,0.0
385643871_1783124866_5358131687_0,0.0021028114266910722,5.044347443772864e-05,0.0
385643871_1783124892_5479698893_0,0.00025901322419431133,4.938703664465394e-05,0.0
385643873_1865707899_5847525708_0,0.0029453550788721386,4.627317382525273e-05,0.0
385643877_5356193664_5358131633_0,0.00015916335890422227,4.984038915908985e-05,0.0
385643877_6413871191_3111802504_0,0.0002535219957633219,5.0823912016782446e-05,0.0
385643878_3110266609_3445187825_0,0.02909651810871398,6.209297788247085e-05,0.0
385643880_3110267153_3110297936_0,0.013061452399070398,5.909905156118312e-05,0.0
385674923_1879485862_5521564867_0,0.00615928675729593,5.0149259576380095e-05,1.5587855498044302e-08
385674931_5421786647_202864801_0,0.006335150031877917,3.93855194439994e-05,3.5564370585843973e-09
385674936_535415998_535416023_0,0.0009033173600970734,4.6236688511256074e-05,1.116925849441418e-08
385674936_5877823403_5848232236_0,0.0004794027517841351,4.4270666780401754e-05,0.0
385674936_6669485068_6669485076_0,0.0017097464163050408,4.7170865662330925e-05,0.0
385674936_7451357774_11765116860_0,0.0014616950825740904,4.558367220229014e-05,0.0
385677357_13111873242_6426459645_0,0.008357526273574233,4.946664697306213e-05,0.0003068183103521361
385685054_5521607716_3114721019_0,0.0053153445900088435,4.6431681791774814e-05,0.0
385685055_3114721335_3114721019_0,0.0005368858359212718,4.645511318510917e-05,0.00013884031377774453
385685055_5521607684_3114745416_0,0.00023955741110174197,4.6053065605654306e-05,2.3102489043241826e-05
385685057_3110103835_3110103837_0,5.182732451720379e-06,4.652242037624294e-05,1.0321094916977764e-05
385695752_6445825796_5490408201_0,0.00490315282890813,6.456526111479755e-05,0.0
385695764_2477247670_10172444268_0,0.027109824568619788,6.513658425340044e-05,0.0
385903264_5287124454_5507178874_0,0.0019894083047117617,3.803322876392507e-05,0.0
386052204_262868151_262868159_0,0.0,3.7669006072098866e-05,0.0008671400779660471
386052240_1935659279_1935659276_0,1.0283199308969005e-05,3.417167994443331e-05,0.001133826830469646
386052274_198463570_262868159_0,0.0,3.7669006072098866e-05,0.0008523917957384497
387753356_3910024686_5342143073_0,0.0036995043497933078,6.928294963435762e-05,0.0
387753356_7604285968_3910024686_0,1.665878288052979e-06,6.932836611078525e-05,0.0
39946196_1229170874_5406439568_0,0.0012977603191905065,4.7819070844836397e-05,0.0
39946196_4258576551_4258576564_0,0.00924465787795899,4.854210317788454e-05,0.0
39946196_5406440766_5406440945_0,0.009223639018571457,4.874662750724137e-05,0.0
39946196_5411562924_4258576551_0,0.017016987845258416,4.863377838877139e-05,0.0
400353559_4029249762_6436415573_0,0.00687133661024618,6.01325988786754e-05,0.0
400353563_4962978216_4954558695_0,0.006625033420397754,5.997749806080126e-05,0.0
400353570_4029261108_4029261094_0,0.006901425251424223,5.9042753022302304e-05,0.0
402100505_5458661761_5460792613_0,3.084959792690702e-05,6.929405208297638e-05,0.0
407800368_7669230599_10793008258_0,0.00044450157332949426,6.924699026364633e-05,0.0
410036347_4118980726_2477132816_0,0.00017358040433539682,6.452968324615588e-05,0.0
410036350_4123953208_5354184208_0,0.004567776566645415,6.668958577722958e-05,0.0
410036352_4118980767_4118980724_0,3.907615737408222e-06,6.407602441312122e-05,0.0
410037791_4119047420_9766811798_0,1.0283199308969005e-05,6.434906086030064e-05,0.0
410061763_4119270874_5513124481_0,0.0,6.049829354479485e-05,0.0
410061786_6445538239_4119271352_0,0.0026760586553688584,6.411976429511342e-05,0.0
410283851_4121136021_4121136076_0,1.0283199308969005e-05,6.897424351393803e-05,0.0
410587967_4123950256_4123950282_0,1.0283199308969005e-05,6.59559321185359e-05,0.0
410589694_5353648438_4123963983_0,0.003208584414783127,7.022215685934715e-05,4.913054310380177e-06
410589694_5353648438_5346599024_0,4.602760010694527e-05,6.898584800796412e-05,0.00047136109682250564
412078561_4136140201_4136140203_0,0.0014088600045246077,6.389411007057715e-05,0.0
412667565_7536552831_6411851869_0,0.012005306130843428,7.392250545107875e-05,0.0
413330466_4146680515_1107494473_0,0.00043806429056207966,7.35895401782423e-05,0.0
413495144_1865690986_5507043673_0,0.004550850420582852,5.708040761027136e-05,0.0
413681076_35138726_5460961993_0,0.0,6.495620490325978e-05,0.0
413985449_1061670471_1061670481_0,0.0,5.839484981471191e-05,0.0
414418263_4155646625_3270445569_0,7.827571313987207e-05,6.761770352133033e-05,0.0
414438289_4155820146_4155820176_0,1.9517512288423172e-05,6.819877232397452e-05,0.0
414438313_9754494417_4155820125_0,1.0283199308969005e-05,6.828920292614439e-05,0.0
416067163_4169236625_29379613_0,0.0015445571026057626,6.029684972936991e-05,0.0
416528156_1658919856_29427961_0,0.03004975011825679,6.730359413302783e-05,0.0
416528157_1658919998_1658934307_0,0.03666902494704152,6.742441250060293e-05,0.0
418942006_6485661075_2317306738_0,0.00045219340641260305,6.903470193028995e-05,0.0
418986138_4191858159_4191858156_0,7.819344754540032e-05,6.574688811207812e-05,0.0
4251274_6622103719_1837514691_0,0.0007755383254838244,6.870394994738328e-05,0.0
4255981_25500415_25433599_0,0.009890607325751187,6.904410561895835e-05,0.0
4255986_25433599_1849528770_0,3.6978384715052544e-05,6.87374616897393e-05,0.0
4256227_9755546377_2036066796_0,0.0016502272587047282,6.788192463599685e-05,0.0
4256417_2520649171_25433359_0,0.00021045595705735968,6.917078340669344e-05,0.0
4257863_2439023829_10793101435_0,0.0004431853238179462,7.200718248714297e-05,0.0
426571529_4258576551_5411562759_0,0.007778417621290335,4.8485376341555285e-05,0.0
426572300_4258599241_4258586919_0,2.262303847973181e-06,4.750647755219863e-05,0.0
426572300_4258608386_4258651225_0,0.00016926146062562985,4.689782423553303e-05,0.0
426572300_4258651225_4258608386_0,0.0011289307529358534,4.689782423553303e-05,0.0
426574473_4258580130_4258599247_0,4.845443514386196e-05,4.7236922514106236e-05,0.0
426580118_5411562212_535160645_0,0.0013011537749624664,4.685833379327105e-05,0.0
427726032_4258665716_4258651231_0,3.701951751228842e-07,4.690556332057843e-05,0.0
42796918_201493095_535151680_0,4.397096024515147e-05,5.453853751286706e-05,0.0
4279723_1849525943_9761397175_0,0.0013575057071756164,6.947565027423707e-05,0.0
4279723_9761397175_2623877339_0,0.0013369393085576784,6.938619784634176e-05,0.0
42797299_535160645_5411560421_0,0.0028179051066367766,4.68133105855092e-05,0.0
42797299_5406439302_5406439488_0,4.8845196717602776e-05,4.773599427397149e-05,0.0
4279885_3269381708_3269364728_0,0.004851654566768813,6.822110843419959e-05,0.0
42805962_3893940833_535280897_0,0.0,3.7923266795030515e-05,0.0
42809475_535397482_6406997798_0,0.006102811426691072,4.1411340447417735e-05,0.0
42809475_6038364342_535397487_0,0.001996688809822512,4.0570069731830376e-05,0.0
42809475_6132139160_6406394874_0,1.0283199308969005e-05,3.958904148826847e-05,0.0010368391780420422
42809475_6406997798_535397482_0,0.001569956604898916,4.1411340447417735e-05,0.0
42812372_535415927_6587834188_0,0.0038458137095613186,4.7775367932305455e-05,0.0
42812372_6587834188_535415927_0,0.0038458137095613186,4.7775367932305455e-05,0.0
42812606_5356192764_5356192765_0,0.004766427410896078,4.7842018029357894e-05,0.0
42812606_6414208607_6414209206_0,0.000576620118051128,4.669628615793216e-05,0.0
42813131_3445187372_5490031090_0,0.0023967463957386423,6.179415766618065e-05,0.0006324682162863092
43542269_549732686_549732617_0,0.025284988585648767,6.062081741893501e-05,0.0
43542269_6709453785_549732686_0,0.010431647574193282,6.074211349005775e-05,0.0
43542314_12628930748_5354130511_0,0.03152283898566522,7.098131201877313e-05,0.0
43542424_1909809976_5481623419_0,0.027014334779836703,6.873883207730829e-05,0.0
43542910_549742872_549741813_0,1.1599448820517039e-05,7.031882032795026e-05,0.0
43542913_549741813_549742977_0,0.006046192131295889,6.995089141742109e-05,0.0
43542939_6488954662_588190063_0,0.00012002550233428625,7.38865603393769e-05,0.0
439637973_5360156516_1849525795_0,0.00011642638257614709,7.141890432634876e-05,0.0
439986937_32524360_5151251333_0,4.524607695946363e-07,6.597184388499819e-05,0.0
446104214_11181449017_11181449013_0,0.011234868272216852,7.48854974835551e-05,0.0
446104217_5354191261_2325452722_0,0.001150998498652901,7.076338845557147e-05,0.0
449168033_4461324925_4461324926_0,3.599119758139152e-06,4.034074912257483e-05,0.0
449168461_4461328366_5472514947_0,0.00174117187339325,4.434020832054156e-05,0.0
449168461_4461328366_5472514952_0,0.0010420582851736833,4.4175616233316155e-05,0.0
449168461_5472514882_1837406608_0,0.0015652674660140262,4.520947988675758e-05,0.0
449242562_5853120063_25435214_0,0.001964152767208934,7.33476544683357e-05,0.0
453376922_1666610168_2016994319_0,0.04041694259918146,6.511070974869939e-05,0.0002214481740008854
453376925_12357216375_2958261173_0,0.02826540937416449,6.619271087556419e-05,0.0
4567490_6622103730_5353805459_0,0.00019280998704316885,6.852794870200319e-05,6.204523575573538e-07
4567502_25433661_2325451442_0,0.0007189190300886412,6.828515806680844e-05,0.0
4567504_4504608692_1700556150_0,0.002923061102770294,6.807269197242982e-05,0.0
4567527_25433680_11138589127_0,0.003496349464245316,6.839041793808139e-05,0.0
4567617_25433670_364364130_0,6.0732575118770946e-05,6.813469717326986e-05,0.0
4567659_29355705_25434241_0,0.02495280011517183,7.18280524808784e-05,8.854014336801047e-08
4567662_5353968344_4376727690_0,0.03452378504000164,7.08790401560507e-05,0.0
4567685_2604179177_3445558098_0,0.05890956954527692,6.815775520306315e-05,0.0
4569031_25435161_25435162_0,0.0006322316599140324,7.217951326228382e-05,0.0
4569032_3277420349_7201253642_0,0.000407749418999239,7.219469384493659e-05,0.0
4569037_1849526022_25501274_0,0.004936922855438784,6.829025591890388e-05,0.0
4569037_3374026391_1849526022_0,0.004903132262509512,6.815244706307138e-05,0.0
4569051_25435075_8123220092_0,1.2751167143121568e-06,7.000559302387921e-05,0.0
4569057_29377147_11138593395_0,4.331283548937745e-05,6.662549868539217e-05,0.0
4569062_6622409115_29377104_0,0.0008824835982971022,6.738660238725424e-05,0.0
4569077_9743501065_1746299906_0,0.0,5.485154760579874e-05,0.0
46141363_588190317_588190291_0,3.897332538099253e-05,6.619133555613147e-05,0.0
4623250_5147920615_29356793_0,0.0023801904448512022,5.890121025041826e-05,0.0
4623251_5867237371_5867237373_0,0.0005973716142566275,5.8272351996986856e-05,0.0
4623256_29356963_29356962_0,4.1050531641404275e-05,6.108565886777191e-05,2.5387863629219356e-10
4623272_29357275_5458127250_0,0.0031060403512740884,5.607799160467508e-05,0.0
4623276_5458423353_29356722_0,0.003828414536330543,5.8930041792867405e-05,0.0
4623278_1956899631_11262097537_0,1.0077535322789626e-06,6.393419446098258e-05,0.0
4623315_2325452068_1664397987_0,0.0013385846204471135,7.141179421979964e-05,0.0
4623316_25434242_29355277_0,0.004025687431873804,7.204881445102305e-05,0.0
4625243_29377046_29377048_0,6.272751578471094e-06,6.818324457675462e-05,1.4071731675173072e-05
4625256_5353916314_25446462_0,2.9204286037471975e-06,6.960297728509789e-05,0.0
4625292_29377182_12908995358_0,5.4665487526479235e-05,6.740200402435698e-05,0.0
462558366_1745878959_6380594702_0,1.0283199308969005e-05,4.109011409804609e-05,0.0004965929008218272
462558366_6380594702_1745878959_0,1.0283199308969005e-05,4.109011409804609e-05,0.0004965929008218272
4625678_4153522811_12809082543_0,0.0017463546058449704,6.51025895824565e-05,0.0
4625700_29379224_29379226_0,1.0776792875799519e-05,6.346197331179339e-05,0.00042005467802505705
4625722_1013373199_25447039_0,0.0012519795158669766,6.437983279913452e-05,0.0
4625722_3249461526_29379347_0,6.498981963268412e-06,6.434132351126098e-05,0.0
4625727_29379355_29379366_0,0.0,6.430825137476875e-05,0.0
4625735_5353615181_29379391_0,9.158217304567797e-05,6.68492242547988e-05,0.0
4625738_29379232_29379447_0,0.006806984348970651,6.624622643905299e-05,0.0
4625780_12637511228_29379583_0,0.0,6.190936629118854e-05,0.0
4625793_29379613_7298267086_0,0.0014543940110647224,6.0101563889369625e-05,0.0
4625801_29357111_29358836_0,6.515435082162763e-05,5.969146430405677e-05,0.0
4625840_9336983410_29379986_0,0.0,6.116647884162066e-05,0.0
4625929_12633822770_3110267033_0,0.029959031733953066,6.241123780739519e-05,0.0
4625929_3445558404_12633822767_0,0.01759774180943175,6.395161252963866e-05,0.0
4627126_1013441766_29354883_0,0.00012012833432737592,7.281054047039641e-05,0.0
4627134_12196577090_29355278_0,0.024096291878329186,7.202627827751612e-05,0.0
4627134_29355295_12196577090_0,0.024116858276947123,7.195847681142078e-05,0.0
4627135_29355446_29354701_0,0.024232050675606194,7.253208903521247e-05,0.0
4627137_29355444_29354699_0,1.3059663122390638e-05,7.276204583548832e-05,0.0
4627139_29355549_4376716070_0,0.0008551508545338626,7.289047255552886e-05,0.0
4627147_29354883_29355033_0,0.024118277358451762,7.284234621099579e-05,0.0
4627201_1956570020_1663274768_0,0.0,6.285068421469769e-05,8.13551136438439e-06
4632671_1663274703_1857160713_0,0.003644653764679267,6.752651821179287e-05,0.00010821847254227222
4633273_29427436_1660253697_0,0.005358019867141065,6.7433321252402e-05,0.0
4633500_6469933723_29434775_0,0.0018024597412747054,7.321156192984548e-05,0.0
4637746_1778148866_3272599108_0,2.2910968060382946e-05,7.281662145731438e-05,0.0
4637748_29434768_11347520099_0,0.00017664479772946958,7.355417450801257e-05,0.0
4637788_1014721744_1837401655_0,0.012323447751064311,7.373131022827047e-05,0.0
4637819_5330289517_5447158246_0,0.04696672356703618,7.545917948867804e-05,0.0
4698220_1660110851_1660130531_0,0.0042024144951977455,6.204716469543277e-05,0.0
4698221_4262068495_320093962_0,0.004548238487958374,6.193409552191807e-05,0.0
4709517_3445438459_5497908150_0,0.0014967402258190567,6.531892034685296e-05,0.0
4716961_13238327937_29379229_0,0.0010038047837443184,6.566759369745812e-05,0.0
4716962_29379231_29379232_0,0.007467700470970528,6.62080574881097e-05,0.0
4716962_29379232_29379231_0,0.007467700470970528,6.62080574881097e-05,0.0
4716963_12809151235_29379476_0,3.039713715731238e-05,6.592341372395206e-05,0.0
474099823_4681201326_4681201330_0,0.00012154741583201365,6.7929427440659e-05,0.0
474099833_4681201349_4681201346_0,2.2684737675585626e-05,6.815057052935887e-05,0.0
4744840_30236620_2699513408_0,2.2623038479731815e-05,6.404950600325093e-05,0.0
4910295_25448881_1342112669_0,0.004794397713016474,6.239209900784498e-05,0.0
492495946_4845132882_4845132883_0,9.345371531991032e-05,5.713075065690262e-05,0.0
492887191_6616544861_5346593290_0,0.0,6.854133876064839e-05,0.0
492887589_12806120205_5353968368_0,0.018265142010982456,7.195682649459566e-05,0.0
492893649_2924119522_1740402781_0,0.0038169796186989695,4.1605884234205833e-05,0.0
493572013_11138593394_13123360943_0,0.004249388149641116,6.669244077324362e-05,0.0
4936382_11262097537_9769687256_0,8.514489027826336e-06,6.508772141807458e-05,0.0
4936382_32524032_11104669201_0,0.002883553051025235,6.536285364879254e-05,0.0
4936382_32524043_9769687256_0,6.025954795055837e-06,6.481086854576707e-05,0.0
4936382_9769687256_11262097537_0,0.0,6.508772141807458e-05,0.0
4936386_12805986402_2011938272_0,1.7687102811426692e-05,6.684290656215584e-05,9.383302342834067e-07
494049758_11204474298_306901700_0,0.003278654134874442,5.467935079087708e-05,7.910031939386765e-09
494053663_5504884751_11481526842_0,9.974703329699936e-06,4.168667898985395e-05,0.0
498993730_2004851644_2004813124_0,0.005631511835962405,5.903908134263128e-05,0.0
49922673_5394672214_5409499524_0,0.0,4.468009818629163e-05,0.0
49922673_5409499529_634442201_0,0.0,4.551734023954821e-05,0.0
49922673_634441999_634442004_0,0.0004627439689036053,4.8574726503007655e-05,0.0
49922673_634442004_634441999_0,0.0,4.8574726503007655e-05,0.0
49922673_634442004_634442010_0,0.00042161117166772925,4.831979515595654e-05,0.0
505549726_5355838078_4954558680_0,0.004741233572589104,5.152771212634262e-05,0.0
506349332_4961141658_4961141530_0,0.0002982127799601012,4.8926196446311365e-05,0.0
506588711_4962977650_9234657360_0,0.0,5.946087937821783e-05,0.0
506588736_4962977647_4029249764_0,1.5794994138576393e-05,6.023195208458962e-05,0.0
506588736_4962978580_4962978220_0,1.4149682249141352e-05,6.0860748531032225e-05,0.0
506588804_3115989530_3115989532_0,0.006992822326882339,6.464670546857114e-05,0.0
506588804_3115989535_3115989532_0,0.00063235505830574,6.466130978556215e-05,0.0
506588927_4962977646_4962977647_0,0.0,6.050603442398431e-05,0.0
507036005_5406441020_4966284352_0,0.009817123583489296,4.906349301421341e-05,0.0
5112484_5463437245_665709215_0,0.036321062048824626,5.988451685577324e-05,0.0
5113284_9503884769_35139392_0,0.0013021615284947452,6.886956454533872e-05,0.0
5113375_35139391_4681201350_0,7.315467988400551e-05,6.836763430136513e-05,0.0
518716826_5287067990_5400248439_0,0.0,4.91226336240602e-05,0.0
518716826_5466305983_5865311405_0,0.0010077535322789626,5.2875994064939844e-05,0.0
518716826_5865311405_5466305983_0,0.0,5.2875994064939844e-05,0.0
518716826_634441940_1708639095_0,0.0008843551405713345,5.043669451307917e-05,0.0
520773271_5477054593_4029249777_0,0.007068547806593587,5.939930942598714e-05,0.0
520773277_5355927011_5355926996_0,0.001783682619336528,5.864557082689838e-05,0.0
520773277_5355927015_5355927011_0,0.003548197355161138,5.87667534205902e-05,0.0
520773280_5476936604_5504456498_0,0.00027055097381897456,5.811817066672652e-05,0.0
520783444_535416023_5877823394_0,2.3445694424449336e-06,4.57471823983827e-05,0.0
520783489_5075259652_5521803987_0,0.0013639018571457951,4.25478248339453e-05,0.0
520783489_5521803883_5521803976_0,3.5168541636674e-05,4.0971878030338755e-05,0.0
520783489_5521803883_5521804209_0,4.800197437426732e-05,4.102361490829466e-05,0.0
520783489_8424880904_5075259653_0,0.0003768381218764782,4.097080799767965e-05,0.0
522201067_5455661648_5455661852_0,0.00010190650515188284,5.8118308138269215e-05,0.0
52326008_5171346246_5458603156_0,0.07316469572013244,5.824859678672047e-05,0.00014413566521635996
530977965_8745316446_5154875171_0,1.0283199308969005e-05,3.812088068600441e-05,0.0
532956404_5458105485_5171350564_0,4.475248339263311e-05,5.61701608887861e-05,0.0
532957057_8411212281_5171350564_0,0.00088719330358061,5.609934327679801e-05,0.0
533053656_5172018244_5507759912_0,4.318943709766983e-06,3.826160336666881e-05,0.0
541753861_5238361630_3269450479_0,0.0,7.005547357348214e-05,0.0
541757959_5238396057_5866940452_0,1.3121362318244451e-05,6.628792039605548e-05,0.0
546227459_5278754831_5278754832_0,0.00653131234189581,5.440155224494553e-05,0.0
547186657_5859998287_5287054150_0,5.676326018550891e-06,4.915501978009114e-05,0.0002467960595859735
547190296_2778857532_6426330735_0,0.01549620549945499,4.390618537018792e-05,0.0
547190296_5472141663_1837406635_0,0.015480965798079099,4.456244232932565e-05,0.0
547190296_6426330735_2778857532_0,0.009184706825987701,4.390618537018792e-05,0.0
547192168_3030147040_5523944412_0,1.0283199308969005e-05,4.1876950224597354e-05,0.0
547193712_5287121642_6443174782_0,0.0,5.2629708368222255e-05,0.0
547196857_3111880114_5287154945_0,0.0001545770520124221,5.1412935542038636e-05,0.0
547197442_5498104891_3226759271_0,0.00490973407646587,4.446004739796976e-05,0.0
547202426_5421786583_5421786582_0,0.0,3.803128552196713e-05,0.0
547203000_5287219795_5287219799_0,1.0283199308969005e-05,4.878740275645184e-05,0.00023409105827639455
54851881_690660695_8427609613_0,0.0036152232482569977,4.460792262926137e-05,9.298225589858119e-06
54851907_5523916623_6021591903_0,0.003552968759640499,4.154077635230022e-05,0.0
54851913_690562085_690562106_0,0.00011352652037101782,5.279860292710713e-05,0.0
54851913_690562106_6382306934_0,0.00010719206959669292,5.290509542144926e-05,0.0
54851914_5479703127_5461180817_0,0.010258293400242683,5.313735462168361e-05,0.0
54851917_5355819786_690563029_0,0.00022065689077185692,6.012284033905425e-05,2.6835065148318443e-06
54855970_690660109_12118369023_0,0.0062308989572835895,4.5608790525284543e-05,0.0
54856077_690660695_690660435_0,0.007992102502930712,4.430574881874032e-05,0.0
54856380_690668689_690667938_0,9.89038109536639e-05,5.377650260905231e-05,0.0
550545323_5413807582_5413807390_0,0.00020794685642597124,3.831714416358846e-05,0.0
551004981_5504192875_5356347806_0,4.524607695946362e-06,6.0138845684109125e-05,0.0017877763805161752
551823894_5865112018_12806309243_0,0.04180628509141764,6.57546231529315e-05,0.0
552013472_6411536102_7310779096_0,0.0008008349957838882,7.472756998700104e-05,0.0
552308523_10778288301_5852700917_0,6.581247557740164e-06,7.332046469944031e-05,0.0
553405118_5342013232_3445438912_0,0.002831047035353639,6.817148052025947e-05,0.0
553423514_5342358409_5344172793_0,0.0027878370318573514,4.15063528059383e-05,0.0
553423514_5342358409_690561524_0,2.5296670300063753e-06,4.135013209492204e-05,0.0
553423735_5342143073_6435995755_0,0.0007368529296834831,6.914012274314097e-05,0.0
553433667_3115995953_5342210898_0,0.00020728873167019722,6.492408287487976e-05,0.0
553452447_6021591677_6021591970_0,0.005571108323221521,4.0963300253471196e-05,0.0
553664262_10174557531_5344116783_0,4.0577504473191697e-05,6.999498345589179e-05,0.0
553670809_2349955062_8764147844_0,9.501676161487362e-06,3.770704777417164e-05,0.0
553670844_5522057051_5344172793_0,0.00014209324805133371,4.161394180644522e-05,0.0
553702486_10783550179_11395172685_0,3.119922670341197e-05,5.462263136010408e-05,0.0
553702492_5344474951_5344474963_0,0.0006976328075190753,5.71147653957886e-05,0.0
553702498_5344474950_5344474963_0,5.059334060012751e-05,5.709148895982394e-05,0.0
553879119_2477132782_5346063818_0,0.0004784978302449458,6.417667830078295e-05,0.0
553879146_5346041218_5346041424_0,1.8592024350615963e-05,6.313999366865056e-05,0.0
553888010_11138593392_11138593390_0,2.4350615963638608e-05,6.680187062841887e-05,0.0
553955970_4123953208_4118980786_0,0.007647985521255373,6.656758546591028e-05,0.0
553955970_5348482654_4119047457_0,0.007248791724081196,6.512013522812041e-05,0.0
554170947_1911634972_5348316218_0,1.863315714785184e-05,6.910101731864241e-05,5.6738260698233735e-09
554170949_9187097301_5348316218_0,0.0,6.892657134665473e-05,1.6135541915888347e-08
554180693_5348422779_5348422777_0,0.0005670567426937869,7.066623599313033e-05,0.0
554187368_9582455125_5348482654_0,0.006796186989696234,6.500498788043838e-05,0.0
554193987_3114690119_6566924420_0,0.010659111942907678,4.86621451199799e-05,0.0
554211407_549739487_5493069904_0,0.0008564054048495567,6.164291623046237e-05,0.0
554212310_5348743798_5348743799_0,0.0,6.123539520334929e-05,0.0
554213037_5521803809_5348749559_0,1.0283199308969005e-05,4.208171639707338e-05,0.0
554215796_1858790077_5521580393_0,0.02835746457437838,5.254850122413229e-05,0.0002074778602589114
554760114_5353645463_7284063676_0,2.056639861793801e-05,6.888874829043718e-05,0.0
554760149_3255889293_2614140398_0,0.06703475721366431,7.054352396958572e-05,0.0
554785850_2500902333_5353900365_0,0.0,7.175989117054108e-05,0.0
554785986_5353901398_5353901397_0,0.00015895769491804289,7.321222501954617e-05,0.0
554786183_5353902869_5353902893_0,0.0007904078316845937,7.499675307142859e-05,0.0
554787506_5353916314_9798015421_0,0.0,6.932815888968846e-05,0.0
554787513_5353916444_5353916448_0,0.0014318532381794623,6.973476994755864e-05,0.0
554794219_5353966195_5353966190_0,0.0,7.254439835770159e-05,0.0
554809105_5354080503_5354080508_0,0.0,7.25496317302288e-05,0.0
554818820_7624564243_5354169659_0,5.5529276268432635e-06,7.025543330477137e-05,0.0
554820969_5355819140_3251007179_0,0.001679472677539436,6.289386010850347e-05,0.0
554820969_7311189595_6382254103_0,0.0008603335869855829,6.30734890693416e-05,0.0
554822110_5354191264_5354191262_0,3.496287765049462e-06,7.071539675686718e-05,0.0
554822116_5354191276_5369231712_0,8.845608045575139e-05,7.065727249559412e-05,0.0
555018761_7540370583_5355765058_0,7.198239516278304e-07,7.385163539684118e-05,0.0
555023736_5355819484_13049602549_0,0.007498550068897435,6.048274724007509e-05,0.0
555023752_5358149097_5355819523_0,0.0,6.119056220636758e-05,0.0
555023793_5355819744_5355819740_0,0.0,5.895790697584841e-05,0.0
555026201_5455549309_6054105427_0,1.5877259733048146e-05,6.500972838385914e-05,0.0
555029827_11942615877_5455694190_0,6.377640211422578e-05,6.395998050032499e-05,0.0
555032524_6645689132_3110055588_0,5.532361228225325e-06,7.304030012107501e-05,0.0
555078350_11752050691_12141888243_0,0.01926300310552619,5.625078078521148e-05,0.0
555103789_5356356847_3797908073_0,1.9908273862163995e-05,6.81798357573697e-05,0.0
555103790_25434517_5356356848_0,2.4042119984369538e-05,6.84280905263456e-05,0.0
555330682_10793008254_5358055095_0,0.0006967895851757399,6.931482996869637e-05,0.0
555334371_5479784340_3935053500_0,0.01686467309709397,5.558331212616182e-05,0.0
555346579_10778288301_5358212370_0,0.0009085000925487937,7.340729870618675e-05,0.0
555374536_5358394745_5358394743_0,6.889743537009234e-06,7.474609427537296e-05,7.372027785758268e-06
555588528_5360090928_5334486782_0,0.0015001131151923986,6.974576990745061e-05,1.893814068895234e-05
555593898_11767837212_13169072596_0,0.004102297266725624,6.758174208002996e-05,0.0
555595989_11382087331_9659799884_0,2.0216769841433065e-05,7.077600515091411e-05,0.0
555595989_3269450484_11382087331_0,1.2463237562470435e-05,7.068810056325974e-05,0.0
555601273_1937355371_11422224323_0,0.006908006498981963,7.250939600141232e-05,0.0
555601275_3628076300_1937346755_0,0.0016513995434259505,7.133675260105116e-05,0.0
555601306_3278061603_3110227063_0,0.0017024042119984368,7.392711162315053e-05,0.0
555607430_5353901201_3115109354_0,0.0,7.439268073090866e-05,0.0
555618423_5360340202_3272574294_0,0.0,7.483072122000414e-05,0.0
555620343_5360351612_1711759175_0,0.0,4.31206832323857e-05,0.0
555621110_29434777_30602861_0,6.011558316023281e-05,7.41564694550876e-05,0.0
555621111_5360355190_3278061603_0,0.001882524731094338,7.413477065784351e-05,0.0
555662036_9789612549_3115041367_0,0.00034932028052567715,7.461519060894718e-05,0.0
555662042_6645689132_3110064992_0,0.0,7.310223157174203e-05,0.0003239377276063432
556672079_12606431207_2325452148_0,0.034441272648746475,7.181654352893274e-05,0.0
556693180_2325451298_3274678437_0,3.681385352610904e-06,6.779097042356887e-05,0.0
556693204_2325451308_2325451298_0,0.011013944018262962,6.77712030021358e-05,0.0
55780161_1083569114_5646605222_0,7.157106719042428e-06,5.812773044180192e-05,5.699886238244702e-06
55780161_5646605222_1083569114_0,7.157106719042428e-06,5.812773044180192e-05,5.699886238524494e-06
55780165_700687712_700687713_0,0.00013257100549122843,5.737454978796821e-05,0.0
55780165_700687713_700687710_0,0.004797688336795344,5.744433699238701e-05,0.0
55783893_1083569114_700728686_0,2.143018735989141e-05,5.799571539908952e-05,0.0
558708416_5461474044_198466788_0,1.3614955885074963e-05,5.153873653216395e-05,0.0
558724110_5524023819_535404099_0,0.0011083849207165332,4.32020366507037e-05,0.0
558964684_35136034_13368876836_0,0.054657322666227914,6.670187364670742e-05,0.0
558964684_5391571129_13368876836_0,0.05488811879151841,6.659266007471375e-05,0.0
558964702_5391571129_5391571122_0,0.0,6.62771562760892e-05,0.0
558974782_3277871566_5391666890_0,0.012838862266828455,7.132377270514456e-05,0.0
559019364_3270422962_6637693188_0,0.008441210949550623,7.038542811970413e-05,4.352546465880308e-06
559019370_3270422962_5392239252_0,0.011276371264627851,7.041556689990578e-05,2.3769728632088446e-06
559314349_5395304335_5394844934_0,4.024844209530469e-05,6.96121317759219e-05,4.630998369524789e-09
559314359_5394844954_1667719506_0,0.0,6.989695424024505e-05,6.303878538500718e-10
559358438_5395151808_5395151804_0,1.0283199308969005e-05,7.318116152994662e-05,0.0
559599538_6430439171_9170995198_0,0.00019194619830121548,7.132332425036588e-05,0.0
559616842_1667531020_1904244083_0,3.230981222878062e-05,6.787916854443559e-05,0.0
559631927_3108109934_1438388922_0,8.471299590728668e-05,7.265616632116855e-05,0.0
559635566_5397576711_5397576708_0,1.0283199308969005e-05,4.754223498859788e-05,0.0
559635836_1792457355_5397578876_0,9.645640951812928e-06,5.0617944294724195e-05,0.0
559636302_2327201452_5461473894_0,0.000170536577339942,5.298220638156317e-05,0.0
559683468_3668190762_1708607394_0,0.00456662484832281,5.402336256153557e-05,0.0
559950369_7301275690_305869145_0,0.0,4.385493610821147e-05,0.0
559950376_5400248875_5400248873_0,5.141599654484503e-05,4.883004776504638e-05,0.00019881042996952025
559983706_5400462088_5400462093_0,7.918063467906135e-05,4.100655902967625e-05,0.0
560605038_5406379423_5406379415_0,1.0283199308969005e-05,7.227951760767771e-05,0.0005908985668911858
560611411_8427527547_5406429377_0,0.0,7.274931355869976e-05,0.0
560613218_5406439609_5406439613_0,0.0,4.782337839978906e-05,0.0
560613401_5406440445_9837668624_0,1.0283199308969005e-05,4.845802807577554e-05,0.0
560613409_5865121397_9462729341_0,0.03273823087839088,5.002885881546534e-05,0.0
560613519_9717290475_5406440997_0,3.084959792690702e-05,4.882940923851203e-05,0.0
560628143_1107827105_35138570_0,0.013159122226106986,7.180563196364103e-05,1.5106032604561462e-05
560628190_1107827109_9589404563_0,0.0005059128396026571,7.218444713004576e-05,0.00011532613265002362
560668379_5406854508_5406854507_0,0.0,4.7085711978601456e-05,0.0
560668429_5406854416_2613148316_0,0.0,4.649589883133093e-05,0.0
560668524_5406854918_3399871204_0,0.0002902330172963412,4.6193475214574515e-05,0.0
560902810_5394843752_5394843774_0,1.9682043477366678e-05,6.992043513540502e-05,0.0
560902885_9166686437_1849907164_0,0.0,6.889856536655592e-05,0.0
560903020_4155820152_5409117211_0,7.461489418587911e-05,6.831045905188945e-05,0.0
560903124_5406559039_5406559083_0,1.0283199308969005e-05,7.060060334397147e-05,0.0
560903132_5409118826_5409118822_0,0.0,6.87249412306334e-05,0.0
561135600_5411359925_3893940822_0,1.0283199308969005e-05,3.641604490555379e-05,0.0007958091479781411
561161901_5411560647_5411560652_0,1.0283199308969005e-05,4.610970196651106e-05,0.0
561161932_5411560715_535160645_0,0.00145651235012237,4.681439481969898e-05,0.0
561162146_5411561747_6473280847_0,0.0,4.56061182255183e-05,0.0
561162338_4258599238_4258599232_0,0.0017951792361639552,4.783284882616014e-05,0.0
561162394_5411562388_5411562337_0,9.72790654628468e-06,4.773354587519089e-05,0.0
561398083_9548617683_8499551926_0,0.06491693231598214,7.567131339531872e-05,0.0
561402092_5460962100_5460962097_0,0.004050099747033297,6.288891531038818e-05,0.0
561403262_4029261089_4029261108_0,0.0030406186372704275,5.9061451090800546e-05,0.0
561403264_5413493691_5477054485_0,0.012741439236575282,5.909718245830443e-05,0.0
561403280_11767961214_4962978175_0,0.0011982806490755404,5.855901075218024e-05,0.0
561403280_5475074874_11762863487_0,0.0011675750159389588,5.841232678566631e-05,0.0
561403487_1911749117_5475053925_0,0.02429101454044382,6.45928662202004e-05,0.0
561403487_5504340044_1865691101_0,0.020567426937868907,6.550940472582496e-05,0.0
561406053_3640470537_5512956973_0,0.00413993377619645,6.306505685180216e-05,0.0
561408355_9323710572_35138723_0,0.014406988462250374,6.748017400999062e-05,0.0
561409643_10186084486_2250555721_0,0.008859634329432573,7.309422567003789e-05,0.0
561410890_5355715403_5495352533_0,0.006962980482487711,5.5588934392431495e-05,0.0
561410890_5495352543_5476935045_0,0.006948049277091088,5.635847721748631e-05,6.131458846007544e-10
561412070_7192455700_5455694139_0,0.001946568496390597,6.0427296713903565e-05,5.228454980245704e-06
561412375_2477161772_2493372404_0,0.011457149908479526,6.851119469849956e-05,5.481856482424466e-10
562361870_6472083068_6430851855_0,0.002562100240626864,4.769864070560635e-05,0.0
565638042_5447136471_5447137084_0,0.0,7.145944697005437e-05,0.0
565638056_5447136630_5447136629_0,0.0,5.766717343608741e-05,0.0
566499013_5455561311_5455561312_0,1.0283199308969005e-05,5.7246166979223777e-05,0.0
566513622_9370100534_5455661845_0,0.0,5.849854189743577e-05,0.0
566558019_6375826279_5455910950_0,1.0283199308969005e-05,6.264195457040361e-05,0.0
566602302_9372724034_5456176083_0,1.0283199308969005e-05,5.666345292965386e-05,0.0
566857169_5458126704_5458126843_0,0.0,5.6299976998475175e-05,5.998194381678811e-10
566863073_29356940_2325438114_0,5.0531641404273696e-05,6.040979470853484e-05,0.0
566935845_5458602796_6453755086_0,3.084959792690702e-05,5.6930469455838446e-05,0.0
567220193_5460792340_10169899446_0,0.0,7.014502195330956e-05,0.0
567249831_5460961958_5460961957_0,1.0283199308969005e-05,6.490682725446216e-05,0.0
567249881_5460962040_5460962041_0,0.0018001357382308784,6.662317472297475e-05,0.0
567256867_5461005927_5461005926_0,0.0,6.128699351693904e-05,0.0
567289648_6382307133_5461180816_0,0.0018870287723916665,5.415787481534335e-05,0.0
567289709_5461180793_5461180797_0,6.823931061431832e-05,4.991531241177115e-05,0.0
567333525_3934441459_10975967298_0,0.00011311519239865906,5.84853417110956e-05,0.0
567335001_35137788_6412357745_0,0.0009175493079406864,6.813503432230525e-05,0.0
567335005_2255625788_3869649959_0,0.00020946876992369864,6.867831400675416e-05,0.0
567346180_5388799099_6473170582_0,0.0,5.152251899593249e-05,0.0
567346231_5461474027_6454233350_0,0.0,5.3092071953737266e-05,0.0
56747510_5497974091_5495427531_0,0.030148180902042243,6.747567443833922e-05,8.599550422469598e-06
567658695_5463596824_5463596826_0,1.643255249573247e-05,6.251798004114318e-05,0.0
568006762_3737425941_2507332818_0,0.0018770129362647306,5.750391868644597e-05,0.0
568006778_8411931853_2507332818_0,0.00044110811755753446,5.746958146940364e-05,0.0
568085149_312524182_1746299906_0,0.0043136170125249364,5.513942241488141e-05,0.0
568085176_1745893511_8424518172_0,0.0005244431647574193,4.65763620120471e-05,0.0
568085176_5409499585_7433856337_0,0.00040104477304979126,4.4741777323464545e-05,0.0
568085176_7433856337_5409499585_0,0.0,4.4741777323464545e-05,0.0
568092866_5471927746_13148576097_0,0.012623696604487587,6.395486549825433e-05,0.0
568852757_5472192542_992010803_0,0.001997593731361701,6.131921308689766e-05,0.0
568905198_8764475875_5287087559_0,0.0015488554799169118,4.690786758412477e-05,1.00411652735743e-05
568905238_1837406608_7199063302_0,0.015399995886720275,4.532079972787885e-05,0.0
568905238_5472514665_5287202677_0,0.015377969273800465,4.5999414137268415e-05,0.0
568905238_9529201141_5287202677_0,0.010791065956440367,4.6286076393314225e-05,0.0
568905280_4461328366_6040927797_0,0.0008740719412623655,4.414256722774241e-05,0.0
568906192_3277469066_1857160523_0,6.169919585381404e-08,6.737485151298441e-05,0.0
569170167_5474543534_5474543514_0,0.0,4.619517179541665e-05,0.0
569180592_5474584302_5348640205_0,0.0,6.574591457024938e-05,0.0
569216801_5353903983_5474759378_0,0.0,6.855293794411147e-05,0.0
569261027_3115337276_5477100326_0,0.017555662957859448,6.721041748329472e-05,0.0
569266401_5475074891_5493131738_0,0.00022602472081113877,5.514559560886483e-05,0.0
569266401_5493131738_5475074891_0,0.00022602472081113877,5.514559560886483e-05,0.0
569497041_5476934331_5476930877_0,1.0283199308969005e-05,6.185304351330587e-05,0.0
569497423_5356234153_5476934391_0,0.00015797050778438188,6.0209718666447864e-05,0.0
569520820_5477100319_5477100326_0,4.1050531641404275e-05,6.694985794743999e-05,0.0
569520827_5492515702_4415696682_0,0.00011589165621208069,6.724961088897698e-05,0.0
569572305_5477427007_5477427008_0,0.0012997758262550643,6.170679153452348e-05,0.0
569572407_5477426980_5477426981_0,1.0283199308969005e-05,6.20169648859529e-05,0.0
569786154_5479191191_7265636915_0,0.0003774345474363984,5.295172387226901e-05,0.0
569813631_5479374185_5479374179_0,1.0283199308969005e-05,5.047582444101082e-05,0.0
569813783_5479374935_5358131692_0,0.0,5.0428507667642454e-05,0.0
569842952_5481819192_6425875665_0,1.0283199308969005e-05,6.649319457226257e-05,0.0
569842987_3445439069_5479543657_0,0.0,6.8511537354917e-05,0.0
569884868_5479781209_5479781211_0,1.0283199308969005e-05,5.641991007058172e-05,0.0
570115123_7283733750_5344116986_0,0.05571883676449417,7.03628417721663e-05,0.0
570115125_10174618817_10174574915_0,0.028977006766345143,6.956478598009884e-05,0.0
570153169_2700952477_5355746949_0,0.007486868354482447,5.435299674928281e-05,0.0
570155085_4140306447_4140306406_0,0.0041243033132468175,6.577790496340709e-05,0.0
570206401_11349927365_5482193913_0,1.0283199308969005e-05,7.321189488344063e-05,0.0
570206462_7425129521_5482194014_0,0.00012138288464307015,7.350747192138328e-05,0.0
570819504_5344475242_7631179482_0,0.0010235073936203031,6.176808686039874e-05,0.0
570819552_8418047783_5487654618_0,2.936881722641548e-05,6.211882421728958e-05,0.0
570831106_3115455987_5487734499_0,0.0008031384324290973,6.958464553483918e-05,0.0
570831181_5487734504_5487734501_0,1.6370853299878656e-05,7.00113779689583e-05,0.0
570897637_5489977551_5489977958_0,0.00029208399317195565,7.319122912192006e-05,0.0
570911066_3642236244_8417703130_0,0.005655512823149538,4.989935966520378e-05,0.0
570911066_5489969706_5488188525_0,0.004957653785245666,4.902336456966663e-05,0.0
571142358_5246546551_5246546548_0,0.0018913682825000514,5.9638391680541605e-05,0.0
571152505_5490125457_5489991694_0,0.00024330049565020667,7.288576123060946e-05,0.0
571218726_5490408199_5490408193_0,0.007286962959916089,6.471315777710859e-05,0.0
571218727_5490406713_5490406709_0,1.3779487074018468e-06,6.464609707655512e-05,0.0
571219056_12396620008_5490408185_0,0.0005884869300536783,6.501902232064343e-05,0.0
571219231_5490408569_5490408552_0,4.3888694650679715e-05,6.531178110325559e-05,0.0
571219388_5490413257_1865691083_0,0.004105299960923843,4.741629839969911e-05,9.624069458513554e-06
571219590_5490413312_5490413313_0,1.0488863295148386e-05,5.041798289867933e-05,0.0
571219631_11341347311_1865691093_0,0.0048446414248400965,4.860750342849826e-05,0.0
571219658_1865691083_8411541895_0,0.0022365958497007586,4.7202467628499115e-05,2.3796879797543302e-06
571496031_2172909071_5492422976_0,0.00024214877732760216,4.691048302976634e-05,0.0
571538947_5492696546_5492696547_0,0.0043430886617444415,5.224449405212455e-05,0.0
571538986_5492696729_5492696738_0,0.0,4.8612989424112426e-05,0.0
571539007_2477288140_2477240349_0,0.0008710898134627645,4.83060960098765e-05,0.0
571566315_5492932190_5492932189_0,1.0283199308969005e-05,4.030632402852033e-05,0.0
571580694_11762666208_4086588760_0,0.0,6.91311045411698e-05,0.0
571598646_5493131422_5493131423_0,1.0283199308969005e-05,5.2197731552775593e-05,0.0
571601373_5075163079_5075163155_0,0.002750077123994817,5.554124698025862e-05,0.0
571858468_5495214321_5495214320_0,0.013987639594430619,6.75748207648354e-05,0.0
571881467_535431559_5495332086_0,0.001853011949077597,5.637076343379077e-05,0.0
571881480_5495332936_5495332625_0,0.006713181004874236,5.7656600746966805e-05,0.0
571885111_5495352159_9853252982_0,1.0283199308969005e-05,5.73983302340637e-05,0.0
571885113_2700952620_9855185409_0,0.0001542479896345351,5.793031108383862e-05,0.0
571897264_5495426558_5495426550_0,5.141599654484503e-05,6.84596825140251e-05,0.0
571897265_5495426559_5495426560_0,1.0283199308969005e-05,6.869903679051169e-05,0.0
571897438_5495427220_5495427219_0,0.0,6.903443462819657e-05,0.0
571935849_5356115255_5495647978_0,0.0,5.741231941130707e-05,0.0
571946365_5355838061_4954558691_0,0.004753820208543282,5.1385068834299206e-05,0.0
571946365_5355838067_5355838065_0,6.334450774324908e-06,5.126292056103666e-05,0.0
571946778_5495711889_5348535840_0,0.0,3.977129939351612e-05,0.0
572230196_1061670498_5497900163_0,0.0006359130452666433,5.8780517562979124e-05,0.0
572244759_3115989535_6435794098_0,0.00735826666392448,6.463465491244032e-05,0.0
572255270_5498043016_5498044421_0,0.0,6.368435356647904e-05,0.0
572255339_7561369356_5498044554_0,5.141599654484503e-05,6.206673156800339e-05,0.0
572291533_1912924664_5498299924_0,0.0007887625197951587,6.620172267844906e-05,0.0
572291533_1912924677_7202238458_0,2.2540772885260062e-05,6.614058870899037e-05,0.0
572291539_1912924833_5498299821_0,1.0283199308969005e-05,6.629207934949604e-05,0.0
572938671_3245886198_5648631891_0,0.051026160459042014,6.69550352059429e-05,0.0
572938671_5648631891_5504142700_0,0.05101587725973305,6.674560486283825e-05,0.0
572941543_5504162605_5504162604_0,0.0,6.492143293686145e-05,0.0
572959439_6489577722_4461324958_0,4.596590091109146e-05,4.2568585765837395e-05,0.0
572959591_5504276917_4461324963_0,0.005305986878637681,4.308113534726162e-05,0.000475915203360922
572979749_5356192956_5504395020_0,1.0283199308969005e-05,5.812236962580493e-05,0.0
572985692_5504454489_4087364624_0,0.057312012833432735,5.871013522941849e-05,4.002875648203267e-06
572985692_5504454497_5524017872_0,0.0612332023939288,5.9996104384199987e-05,0.0
573047226_5504846696_5504846707_0,0.002720605474775312,5.460421951237408e-05,0.0
573047226_5504846707_5504846664_0,0.002709890381095366,5.473127352990654e-05,0.0
573047260_5504846700_5504846696_0,1.3162495115480328e-05,5.4490843289366886e-05,0.0
573049284_5504858695_5504858697_0,0.0,6.543754155840774e-05,5.9643201831633496e-05
573053997_3326688343_10155332201_0,0.007725376879254673,4.237103548545877e-05,0.0
573376593_5507105881_5507105882_0,1.0283199308969005e-05,5.814804085276266e-05,0.0
573805724_5509930555_5509930582_0,1.0283199308969005e-05,5.4142505174232915e-05,0.0
573808996_5509944576_5509946542_0,0.0011375892067540052,4.943633428027153e-05,0.0
573894466_5510420759_5510420757_0,1.0283199308969005e-05,5.0746747340550195e-05,0.0
573900869_5510458638_5510458642_1,0.0,4.47105086252294e-05,0.0
574230480_5512693030_6725879928_0,3.084959792690702e-05,4.305840246207992e-05,0.0
574231961_5512702421_5512702423_0,0.0,6.139551705237707e-05,0.0
574231974_5512702455_5512702456_0,1.0283199308969005e-05,6.279495246453264e-05,0.0
574251538_9352386393_5512816823_0,0.0,5.622515139806281e-05,0.0
574275407_5512943970_6014393381_0,1.0283199308969005e-05,4.759688159695697e-05,0.0
574278170_5512815752_3641024923_0,0.000611151101330646,6.36648192307129e-05,0.0
574288419_5513021474_5513021478_0,0.0,6.28349689826542e-05,0.0
574293521_10176334203_5513054612_0,1.0283199308969005e-05,6.012486034037325e-05,0.0
574372094_5513491490_5513491493_0,0.0,3.9592317988858074e-05,0.0
574372356_5513492551_6451288830_0,0.0,3.9898713254105534e-05,0.0
574384762_1909815211_5845217674_0,0.004552639697262612,5.1926486372392973e-05,0.0
575395475_5521435344_9766515368_0,1.0283199308969005e-05,5.1556710211952676e-05,0.0
575395480_5521435356_5521435357_0,3.084959792690702e-05,4.905182908885474e-05,0.0
575405256_1783118808_5356194098_0,0.0020144376118297926,4.752022967354135e-05,0.0
575405256_5287134851_5477399297_0,0.004568681488184604,4.607550896898946e-05,0.0
575405256_5477399283_6842545301_0,0.0022444316475741933,4.686201329792732e-05,0.0
575407718_5521741191_5521522236_0,6.375583571560784e-07,4.9179571923262734e-05,0.0
575423008_3114690029_3110158698_0,0.0035160520741213007,4.8032632268010155e-05,7.796341520048584e-06
575423021_3890114132_5521607596_0,0.0,4.660775959659363e-05,0.00011165857781156644
575426762_12966606709_6431079077_0,1.0283199308969005e-05,5.086620180163531e-05,0.0
575427424_5521638437_5521638435_0,3.907615737408222e-05,5.297073548245206e-05,0.0
575427478_5521638368_5521638535_0,1.8715422742323592e-06,5.340477467208449e-05,0.0
575428836_5521647842_5521647848_0,0.0,5.2957549861096205e-05,1.7186258779437045e-05
575446806_2520723803_5369662902_0,0.012463546058449704,6.962304718124054e-05,0.0
575446806_5369662902_5205570048_0,0.012454990436624642,6.95583011149989e-05,0.0
575487505_5522055719_5522056757_0,0.0,4.17223363050928e-05,0.0
575487651_5522057351_6473219385_0,3.084959792690702e-05,4.135594573530675e-05,0.0
575740877_5287045233_5523924245_0,0.00020950990272093452,5.34995786783421e-05,0.0
575759477_5524023802_5524023803_0,0.0,4.330640504067916e-05,0.0
575771893_6059276042_2477174764_0,3.7492544680501e-05,4.428112120272267e-05,0.0
575771894_5524079443_5524079440_0,9.353598091438207e-05,4.4218625385764045e-05,1.653083963636808e-05
577946460_9523407229_5406429335_0,0.00023704831047035354,7.285112958482681e-05,0.0
579192958_1783118808_5549682163_0,0.004933693930855768,4.7694476573167365e-05,0.0
587978901_2628321642_2628321630_0,0.0,3.785700311377241e-05,0.00011194862442741776
590735014_29356961_29356960_0,2.4679678341525616e-05,6.193085332011146e-05,0.0
591444527_8855947448_3115544570_0,0.0023133496493429034,5.616356260152509e-05,0.0
591459026_29356970_29356962_0,0.0,6.126418682711538e-05,0.0
616105503_7669230602_7669230603_0,6.371470291837197e-05,6.827535376213834e-05,0.0
616108404_1663274712_5463988176_0,0.006673693519527795,6.780264528810779e-05,0.0
616564802_5510140390_7304708611_0,1.665878288052979e-05,6.647647294328945e-05,0.0
618039504_5842012228_5842012229_0,0.0003608785965489583,6.872380022067808e-05,0.0
618711493_5348639876_29489290_0,0.03018250622133558,7.000033290062916e-05,0.0
618740631_5848060881_7561816440_0,1.0283199308969005e-05,5.842653252991997e-05,0.0
618756315_5848232236_12491912887_0,1.0283199308969005e-05,4.387361740462087e-05,0.0
619013211_3374026391_2036066796_0,0.013826069966888097,6.805495473596472e-05,0.0
619018472_5850171730_9808145469_0,5.141599654484503e-05,4.7459380750422396e-05,0.0
619024032_6722006161_5488187417_0,1.489007259938712e-05,4.761209411341354e-05,0.0
619025779_6378936709_5850363292_0,0.0,4.256083397380657e-05,0.0
619032494_12118369049_5461179396_0,0.014799086851901363,4.727079078788515e-05,0.0
619350513_5852919495_5852919494_0,8.637887419533965e-07,5.2156430228420476e-05,0.0
620519759_5862540022_5862540019_0,1.0283199308969005e-05,6.966486568039792e-05,0.0
620536532_2432104110_2349955062_0,0.0007206877403697838,3.774098127019968e-05,0.0
620536532_8764133772_5864567054_0,0.0008144910844661991,3.804502419622422e-05,0.0
620537121_2325416263_5862690035_0,0.006086790202167698,7.426990909881592e-05,0.0
620537122_5862690035_2325416264_0,0.006112436501244267,7.42760862018686e-05,0.0
620539174_2325453374_11953687707_0,0.004322275466343089,7.479165879726668e-05,0.0
620544852_5862744483_11181449053_0,0.016357197211196346,7.470118101681383e-05,0.0
620767852_1745878962_5864755136_0,0.0,4.688263757251604e-05,0.0
620827114_5865248185_9816782082_0,1.0283199308969005e-05,7.081400438589951e-05,0.0
621018527_32524042_2011938269_0,3.387285852374391e-05,6.735676364760034e-05,0.0
621062105_9369999726_5867156291_0,0.0,5.613703691000665e-05,0.0
635299727_2518073283_5993042057_0,5.367830039281821e-06,6.044831995871595e-05,7.211102544545841e-06
635299729_5993042021_6380049255_0,0.00020292865516319437,6.376208187019085e-05,0.0
641085506_6038291682_6038291684_0,5.141599654484503e-05,4.378093805784637e-05,0.0
643665658_6056763854_6056763856_0,1.0283199308969005e-05,6.521586007058644e-05,0.0
667987593_6255101706_6255101712_0,1.15788824218991e-05,3.340602575379161e-05,0.0
678390266_634441702_6413820376_0,0.0004813771260514571,4.788533659716245e-05,0.0
678390266_6413820376_6413773081_0,0.00038919852744585896,4.757207330095608e-05,0.0
678406908_6352261923_9767043234_0,0.0035777718363737324,6.728186446771446e-05,0.0
679445352_1865707905_1865707951_0,0.0010126894679472677,4.578412644901625e-05,0.0
679445354_1865707899_6393777605_0,5.696892417168829e-06,4.609155177870748e-05,0.0
679445354_1865707905_1865707994_0,0.0005008740719412623,4.595756380579126e-05,0.0
679445355_12673295068_2477282299_0,0.004881516977562059,4.529558665946987e-05,0.0
679445355_2477295043_6393642169_0,0.005007527301894165,4.560871367095748e-05,0.0
680889486_6375827187_6375827186_0,0.0,6.186034827433646e-05,0.0
681010201_690670568_6377204205_0,0.005816588857125229,4.8758291504371446e-05,0.0
681010201_8776414081_5850674053_0,0.008606934989613969,4.873748311601729e-05,0.0
681016570_2518068158_7284309853_0,0.0004544351438619583,5.942064633506942e-05,7.093659144303661e-06
681028051_6377204127_6377204121_0,0.0,5.6850114593088165e-05,3.5036823134975404e-05
681061654_35138726_4054904367_0,0.006097669827036588,6.476498509702037e-05,0.0
681128219_3847892882_5344320967_0,0.007601608292371923,6.497523958728853e-05,0.0
681290089_4741270511_5463497525_0,0.001486045698537729,3.62377091300129e-05,0.0
681315769_5455694530_5455694541_0,0.00010182423955741109,6.348642685769532e-05,0.0
681511568_6382216824_6382216825_0,0.01440962096127347,6.579102289883629e-05,0.0
681761954_2518054000_3421288883_0,0.0005890833556135985,6.232276467466134e-05,0.0
681772933_6384725103_12634851514_0,3.084959792690702e-05,4.0263807527298235e-05,0.0
681842541_12074645515_12813271265_0,0.013789852538921909,6.684682910281859e-05,0.0
682446320_2255721305_12813271264_0,0.0033085371120663057,7.01844028264378e-05,0.0
682502421_5488185987_1909815223_0,0.007195421919667646,5.024869672126777e-05,7.60571799735885e-05
682603251_5287049067_9845770480_0,1.0283199308969005e-05,4.109011409804609e-05,0.0004806915517353517
682649727_5075163143_7200234134_0,0.002162618513872036,5.6082987609628134e-05,0.0
682694208_3110120706_3110120713_0,0.0034812742940583674,4.8654665530665475e-05,0.0
682804318_690662039_5850602766_0,0.0017533883141723052,4.6530743799709754e-05,0.0
682819660_2477132822_2477132819_0,0.0012255105608456902,6.42184824122154e-05,0.0
683887950_2461222927_6376342993_0,1.0283199308969005e-05,3.971188362583694e-05,0.001437239190243171
683887950_8776501571_6376342993_0,2.056639861793801e-05,4.0060751926673364e-05,0.0
684123361_2700952625_5495351863_0,1.0283199308969005e-05,5.258151760013153e-05,0.00024598773030716796
684297069_35138416_5458661773_0,0.017241696316558006,7.002255874094258e-05,0.0
684297069_5458661773_12692226647_0,0.01723797379840816,7.011015324157509e-05,0.0
684297069_5458661773_35138416_0,0.017241696316558006,7.002255874094258e-05,0.0
684297069_5460792340_12692226647_0,0.017210970117022807,7.016928385988305e-05,0.0
684357142_6411552926_6411552920_0,1.0283199308969005e-05,7.506192125705314e-05,0.0
684398732_11765090994_5492696790_0,0.0017796927380046479,4.8302451058650865e-05,0.0
684398732_5492696790_5492696738_0,0.001333710383974662,4.856006031973877e-05,0.0
684428781_6412357741_6412357745_0,0.0008245686197889887,6.817934552106202e-05,0.0
684431082_6412383501_3847849030_0,0.0,6.817043122466862e-05,0.0
685613894_12811084854_1911748920_0,0.004451699812845772,6.879595288966192e-05,0.00010688311292364082
685613894_12811084854_1911749068_0,0.0029021656417744686,6.913444678450918e-05,0.0
685769100_6427109305_6427109299_0,0.0,3.852947717026256e-05,0.0
685814602_4155820158_4155820149_0,9.049215391892726e-07,6.79951482643669e-05,0.0
685838553_6411467193_7190436059_0,0.0,4.504704353913237e-05,0.0
685865670_3115274218_6428302062_0,0.003941221232749933,7.040708766763027e-05,0.0
685865675_3115237462_3115274203_0,0.00375713139872077,7.116009661349696e-05,0.0
685865676_6428302887_6428302084_0,0.003793842420253789,7.096075016080285e-05,0.0
685865677_6428302084_6428302887_0,0.002897455936490961,7.096075016080285e-05,0.0
686055352_1662376902_1662376943_0,0.00727139419616231,5.796232132335489e-05,0.0
686097705_5490413509_6673655499_0,2.9019188449910534e-05,4.65433898892117e-05,0.0
686113268_6430777682_6430777683_0,1.7090677251506487e-05,7.369244504279318e-05,0.0
686617328_3115501961_5353903517_0,0.001819180223351089,6.783443499416034e-05,0.0
686630833_6435995755_6435995759_0,2.0566398617938012e-08,6.902296303413396e-05,0.0
686636118_6430619904_1896178162_0,0.00032486683256894883,5.126949849148026e-05,0.0
686665112_6436415573_6436415574_0,7.897497069288197e-06,6.021361185427986e-05,0.0
686908197_5354130511_5344116987_0,0.00010022006046521194,7.064032177908347e-05,0.0
687343057_3471717649_3471717663_0,0.0001046418361680686,5.3001336063775295e-05,0.0
687541049_6445031497_6445031498_0,0.00014914752277728647,6.782792156546578e-05,0.0
687541049_6445031498_6445031499_0,0.00041426896736112537,6.788848102180714e-05,0.0
687563152_2628304773_2628304795_0,6.169919585381404e-07,5.5048168887723656e-05,0.0
688092006_5513492553_2473405842_0,0.002031775085864714,3.9762681956237056e-05,0.0
688210381_6452771582_6452771091_0,0.00014552783662052937,4.155013954421529e-05,0.0
688273642_3007949475_4848670777_0,0.03837397939246858,6.059581969594157e-05,0.0
688313281_5171339036_5171339033_0,0.004338029327684429,5.92055279580679e-05,0.0
688313288_3007950794_5355819496_0,0.007513234477510643,5.980364791813708e-05,0.0
688313288_9681546310_5355819496_0,0.0,6.022190564998236e-05,0.0
688398170_8699646975_5421784543_0,0.008035497604014561,4.0009090009655975e-05,0.0
689074846_7243897645_5447282943_0,0.0,5.1402496385481865e-05,0.0
689664880_29434775_6470065668_0,0.012027744071735598,7.32870239681313e-05,0.0
689664881_3278061603_29434777_0,0.012170659975731649,7.409912708032396e-05,0.0
689700897_25435174_6470450615_0,0.00018614647389095696,7.320712684116227e-05,0.0
689788159_6471289501_6471289500_0,2.0566398617938012e-08,4.978378583177263e-05,0.0
690179093_1837401665_6475102309_0,0.027965715813503895,7.040642888929199e-05,0.0
691192418_6485352112_5495698710_0,0.004468523126915246,6.78830945019006e-05,0.0
691215817_2439053889_6485661075_0,0.009723649301770767,6.891739404551068e-05,0.0
691346394_5344074243_11711275766_0,0.029009275445776687,6.811683327805193e-05,0.0
701019668_10185372211_3115996022_0,3.084959792690702e-05,6.857784534161313e-05,4.586039274266024e-05
701225929_6585665342_6585665341_0,0.0,4.958739619688824e-05,0.0
701537347_6588430904_6588430906_0,7.292844949920819e-05,4.755057298046578e-05,0.0004958852983745273
701751827_10703340255_5465993094_0,0.005944594122123275,6.293410637520235e-05,1.5915812187415521e-06
702889575_5493131924_5493131754_0,0.0002333052259218888,5.21068542742682e-05,0.0
702889575_8427282308_5493131943_0,0.0003653826378462867,5.1753408749861544e-05,0.0
702889578_5246546457_5246546451_0,0.004387141887584065,5.09837407160677e-05,7.697839573994362e-07
702889581_6600903972_5246546457_0,3.6237994364806775e-05,5.1571146713441795e-05,0.0
702889582_5355838061_6600903977_0,8.452789831972523e-06,5.136143391905091e-05,0.0
702889583_5246546430_5355838078_0,1.645311889435041e-07,5.139612650623273e-05,0.0
703818822_5490031093_5490031099_0,0.0,6.142386805874153e-05,0.00012845768884738864
703831331_1849525880_6609192452_0,0.001664212409764926,7.037797588779545e-05,0.0
703831331_6609192452_1849525810_0,0.0016291467001213417,7.04368232130094e-05,0.0
703943064_6610022881_6610022882_0,0.00921662587664274,6.911854944142493e-05,0.0
704421271_5075163528_5848157473_0,0.0007079365732266623,3.893771074584721e-05,0.0
704421271_5075163643_5524079438_0,0.003844661991238714,4.3587386423554804e-05,0.0
704421271_5865201383_2477225559_0,0.00025707998272422514,3.347745742335221e-05,0.0
704421271_6615360655_5075163528_0,0.0,4.099007490700581e-05,0.0
704439103_3115112861_3115501961_0,0.006884910433334019,6.743533953530099e-05,0.0
704439103_3115112862_3115112861_0,0.002593916459288814,6.698894351459109e-05,0.0
704464334_5348770388_6631082518_0,4.421775702856673e-06,7.492627711375841e-05,0.0
704466514_2325452490_5354169659_0,0.0029071427102400097,7.025576667823022e-05,0.0
704466514_5354169659_6643845311_0,0.002902412438557884,7.025203387410275e-05,2.545462281937263e-10
704511203_6616199663_5497978179_0,1.0283199308969005e-05,5.9361932642540985e-05,0.0
704525906_5355765057_2614138774_0,0.012800855562182505,7.381857030734444e-05,0.0
704594291_6616855144_6616855143_0,0.0024487793842420252,6.161374434496022e-05,0.0
705013363_5479652856_5495648194_0,0.0,5.1719605510126045e-05,0.0
705056732_1916791843_6622058663_0,0.0002728544104641836,6.998334480857138e-05,0.0
705056734_6622058664_6622058663_0,0.0002756103078789873,6.99501197752933e-05,0.0
705093906_6622409117_25434098_0,0.001951504432058902,6.715425060198577e-05,0.0
705096867_5278840351_25433686_0,0.01792308166916891,6.828238559477091e-05,0.0
705122543_2012498686_2012498705_0,0.00457540670053267,6.824022655527021e-05,1.8460003064544154e-09
705122544_2628264112_6673594562_0,0.008500709540752318,7.029425679446837e-05,6.073066235224041e-10
705362470_5509712935_6626979372_0,2.480307673323324e-05,6.488437811833138e-05,0.0
705419524_29354375_11176912847_0,0.0007709931513892602,7.183866980988934e-05,0.0
705419525_3270228962_29354379_0,3.9693149332620365e-06,7.188015729502604e-05,0.0
706394526_6637693193_6637693188_0,3.866482940172346e-06,7.038112092306966e-05,6.689757221149756e-07
706394527_6637693198_5392239244_0,5.059334060012751e-06,7.04222698355708e-05,0.0
706564454_5395151832_25435174_0,0.0001805935462641137,7.318871231813143e-05,0.0
709592300_6669630514_6669630526_0,0.0,5.371937802888682e-05,0.0
710881662_5493131438_5355715401_0,0.0,5.512561522273067e-05,0.0
714361415_6715043998_6382307164_0,0.0,5.7440961422186294e-05,0.0
714737083_6718305295_6718305294_0,1.0283199308969005e-05,5.068202395245457e-05,0.0
714737133_8776126833_6718305658_0,0.0,5.012704405246456e-05,0.0
716048245_29379563_29357859_0,0.0002746848199411801,6.329599242392052e-05,0.0
718379238_5867148792_5867148338_0,0.0024397918680459864,5.9675292609593125e-05,0.0
718657214_5498136413_307882486_0,0.0025405877876725005,7.228506032634424e-05,0.0
723503563_3110473597_3110473594_0,2.0916027394442957e-05,6.335141321163235e-05,0.0
723693741_320094027_29357928_0,0.007923266766756473,6.229022209693545e-05,0.0
724203303_1896207944_1849525862_0,3.179565226333217e-05,6.934196502672205e-05,0.0
725325860_6801801961_5264382270_0,0.00038952758982374597,5.7722074147585106e-05,0.0
725325861_4954558711_6801801965_0,0.0011163235505830575,5.775133771511833e-05,0.0
734022119_5287160396_535143992_0,0.0014554428973942372,3.9449776526982914e-05,0.0
762773374_5479374233_3471717638_0,0.0,4.971011731809429e-05,0.0
762814262_7257066643_1666364752_0,0.0,6.346482167761838e-05,0.0
763041255_10176232431_7130358496_0,1.8653723546469777e-05,5.398172015273616e-05,0.0
763041255_7130358506_7130358495_0,1.4355346235320732e-05,5.365753723143373e-05,0.0
763045177_7130378871_6789581179_0,1.0283199308969005e-05,6.27144487226835e-05,0.0
763065987_7130567855_3111515196_0,0.0031351829381157065,5.451771957713968e-05,0.0
763288875_7132472251_7132472250_0,0.011093145219340642,6.721636649923481e-05,0.0
763316585_2325453384_7132735140_0,0.0,7.437716203017265e-05,0.0
763514121_5825278971_10703340256_0,0.003330152397013759,6.279282425165637e-05,0.0
763520925_5369867433_5369867429_0,0.0,6.768502518721683e-05,0.0
763741306_5394843802_11735248696_0,0.007922588075602081,6.943498718389585e-05,2.537994412731341e-07
764042515_3359910771_7631660260_0,0.0084416428439216,7.18038962852144e-05,0.0
764042517_11041545703_7699079504_0,8.432223433354585e-06,7.020994620437807e-05,0.0
764042517_7699079504_5392239230_0,0.0,7.025272968319522e-05,0.0
764068770_5455694190_5455694197_0,1.7625403615572877e-05,6.378603437232952e-05,0.0
767804257_5458127247_5458127258_0,1.0283199308969005e-05,5.576632426028837e-05,0.0
769054485_7179028075_7179028083_0,0.011986899204080373,7.355510581626392e-05,0.0
769054486_7179028076_7179028072_0,0.00915628406309771,7.358439623996789e-05,0.0
769054488_7179028071_7179028083_0,0.001528515311683771,7.356605340213195e-05,0.0
769054489_7179028075_7179048891_0,1.0365464903440758e-05,7.351508076611822e-05,0.0
769054497_7179028078_7179028072_0,0.011975628817637743,7.356709171187899e-05,0.0
770599070_535152123_535151980_0,0.003860189622195257,5.274748269379107e-05,0.0
771307435_588190282_7200337137_0,0.001880858852806285,6.106418042451891e-05,0.0
771523486_6639639832_25448847_0,0.005932418814141456,6.440246558456312e-05,8.489637352137844e-07
772373504_6639564151_7211100688_0,0.000128396026571787,6.882175623820622e-05,0.0
772373505_7211100688_5408954335_0,0.0015146124262180448,6.881369602069656e-05,0.0
772374855_7211115101_6445776997_0,8.966949797420973e-06,6.811988444725906e-05,0.0
773052862_5510376402_5510376403_0,0.0,7.361573570529757e-05,0.0
773088853_4681201328_4681201314_0,3.4181354503012974e-05,6.79479337058102e-05,0.0
773686056_5513493085_2473405842_0,7.447092939555354e-05,3.9761416233769905e-05,0.0
773800925_5411562209_5411562208_0,1.583612693581227e-06,4.6843302887205766e-05,0.0
775848651_3445484564_9167350228_0,0.05099111531579705,6.625675534249352e-05,0.0
776891913_3114821358_7248971062_0,1.0283199308969005e-05,4.6612763413235304e-05,7.379857529233136e-06
778167064_10021797361_3278481817_0,0.001213952244822409,6.4193257927253e-05,0.0
780110989_2518075674_5461005968_0,0.01871013717787878,5.962219931075578e-05,0.0
782010523_7301311781_7301311778_0,0.0011740122987063735,4.855138359477822e-05,0.0
782310689_2700952624_2700952615_0,0.0008721592661908973,5.794385429975688e-05,0.0
782398939_1935659306_7122789695_0,3.296793698455463e-05,3.501086232686377e-05,0.0
786136444_364365556_5358212417_0,0.004005614626822697,7.197985559919659e-05,0.0
786140041_25771207_1666155310_0,0.00591771383912963,6.782561929506077e-05,0.0
786140042_32524281_1849525905_0,0.0058716451062254486,6.810035606146185e-05,0.0
786156561_6384678226_5458320193_0,0.022736503300906978,5.1688747315964025e-05,0.0
800319702_3114957677_3114957671_0,0.0,7.366822909701871e-05,0.0
802909792_7510556618_7510556613_0,1.0283199308969005e-05,4.724450044473549e-05,0.0
803292906_5492931856_5492932733_0,0.001886535178824836,4.0137544068506765e-05,0.0
803298913_535143980_535143422_0,0.00404119449643173,4.043387642728365e-05,0.0
807077532_11204619096_7547268349_1,0.0,7.191705229755546e-05,0.0
812382532_3270489611_3270489612_0,0.0,6.599730610083536e-05,0.0
812382532_3270498962_3270489612_0,0.0003573617423852909,6.596539926153355e-05,0.0
816964313_5246546497_5663943400_0,5.012031343191494e-05,5.996226914588969e-05,0.0
818305270_7642312005_3277871582_0,3.5168541636674e-06,7.150543400900793e-05,0.0
819699381_11107827260_1849525840_0,0.023983094420336054,7.282041016115384e-05,0.0
819705919_3628076298_10793101435_0,0.009803981654772432,7.176357437490576e-05,0.0
826345175_7715326201_10198287484_0,0.00014178475207206467,6.81482626161595e-05,0.0
826354661_7715425661_7715425660_0,0.0,7.237223486735548e-05,0.0
826862261_5353968368_12028030824_0,0.017579725644242435,7.21327036907226e-05,0.0
827382915_1849528731_7724450410_0,4.195545318059354e-06,6.760622853473571e-05,0.0
830683775_5281690596_1449683337_0,0.001602821709890381,5.265591211162915e-05,0.0
832727039_5278754831_5479894753_0,0.01153988853011949,5.390830187091513e-05,0.0
833678360_5490413311_5490413309_0,0.008632540155893301,5.06782713437538e-05,0.0
833784557_7698632126_5406379423_0,0.01073467289142998,7.261516416335096e-05,2.2636952192360943e-07
834563761_5495429318_6442546130_0,0.006189149168089176,6.089055534726958e-05,0.0
839997441_3443083783_3443083823_0,1.0283199308969005e-05,6.288798635512604e-05,0.0
841368639_25433301_5360090932_0,0.0009091376509059499,6.981448524592942e-05,0.0
842282844_7857882999_5358055836_0,0.0005214610369578183,6.81554471190225e-05,0.0
850759907_11181449053_3248886992_0,0.016459617876313677,7.475758169432544e-05,0.0
850761532_11181448954_3272599108_0,2.46179791456718e-05,7.285556753277629e-05,0.0
852456660_6390321178_6390321177_0,0.00017407399790222733,3.1409247295084675e-05,0.0
852645742_5046465738_319706248_0,0.0,4.9878606977836874e-05,0.0
85529760_992010729_312523733_0,0.0008368673261625157,6.021413273399863e-05,0.0
857241501_319706153_5447282943_0,2.0525265820702138e-05,5.110118623374167e-05,0.00020205644215507546
857241501_5447282943_319706153_0,2.0525265820702138e-05,5.110118623374167e-05,0.00020205644217838567
857241501_5864668062_319708163_0,0.001310244123151595,4.9935800849773455e-05,0.0
859329415_3272376486_2325414606_0,0.014666577545605988,7.610272497627409e-05,0.0
859329418_3272350517_3272360369_0,0.046834748987104866,7.588769985073554e-05,0.0
860967810_1655559659_1676070938_0,0.0007090882915492668,5.619747980545114e-05,1.9609096730313522e-07
865302716_4191863516_12806309243_0,0.005094482035250807,6.551019730456886e-05,0.0
865402190_5466342644_1684280644_0,0.0015114040680336465,6.468730438810451e-05,0.0
865402194_3272135270_295556270_0,0.0049820455340065396,6.436532650271249e-05,0.0
866515859_690686808_11481526851_0,1.0015836126935812e-05,4.182242657653238e-05,0.0
867301882_4131262179_4131262169_0,0.00016839767188367644,6.756955322501121e-05,0.0
870989724_5475053300_11617730765_0,0.020582831170433743,6.694455460620898e-05,0.0
87150241_1013434060_1013431927_0,0.004949139296217839,7.3094999478625e-05,0.0
87150912_1013436668_1083569130_0,3.907615737408222e-06,7.306553935650086e-05,0.0
87154173_1013436674_1013436356_0,4.771404479361619e-06,7.295465702490423e-05,0.0
87155592_1013441767_1013441766_0,0.0,7.295661416126232e-05,0.0
872152145_3244221166_3272708318_0,0.06317096847171091,6.68887764007874e-05,0.0
872152155_11549667667_11549667668_0,0.06877424264237089,6.60222760504247e-05,0.0
872152157_10154700107_8123220092_0,1.770766921004463e-05,7.006834081636788e-05,0.0
872152157_8123220092_7715327378_0,5.984821997819962e-06,6.967011317838008e-05,0.0
872159801_8123304882_8123304883_0,0.048676449416942595,7.616134625985124e-05,0.0
872159809_8123304890_8123304870_0,0.04652372334080579,7.624953746032715e-05,0.0
872159817_3272653270_8123304890_0,0.02608757172531518,7.625874827928394e-05,0.0
87265459_5862462311_1014721713_0,5.840857207494395e-06,7.35458838375591e-05,0.0
873379467_6442968672_6442968670_0,0.003998889414474631,7.142433936565786e-05,0.0
873379468_6442968671_6442968670_0,0.00040532258396232235,7.143893640223756e-05,0.0
87499887_5358280951_1017852983_0,4.249017954465993e-05,7.354721323365199e-05,0.0
876006967_7192452849_5506936417_0,0.010345104168808999,4.105609285635346e-05,0.0
877825444_6472083074_2477289740_0,0.006848034880612056,5.148358374626428e-05,0.0
877825445_5492696905_10174159812_0,0.025891594512884846,5.231887837818245e-05,0.0
887403504_5504276796_4461324960_0,2.3425128025831395e-05,4.264423206802053e-05,0.0
888245638_295555957_1681348740_0,0.0035416366740020156,6.77829325900905e-05,0.0
891744954_8288125010_8288125009_0,9.604508154577051e-06,4.9115785633493746e-05,0.0
892129305_8292101870_8292101872_0,0.0074804310717150315,5.045114630963972e-05,0.0
897683142_3274670548_5394843523_0,0.00010589638648376283,6.862273750884556e-05,0.0
897897411_5490412067_4954559586_0,2.4679678341525615e-07,4.8069677813178276e-05,6.731456020818677e-06
899984583_6395644073_5865212130_0,6.869177138391296e-06,6.727477000695347e-05,0.0
899984586_5394983543_5394983542_0,0.0013927770808053802,6.7976827661373e-05,0.0
903415297_5447158421_5447158320_0,0.0006339181046007033,7.545568398997383e-05,0.0
903415298_8390730122_8390730117_0,5.676326018550891e-06,7.527291118646303e-05,0.0
905409247_8408170536_5479194191_0,0.0002643399214363573,5.720374053009321e-05,0.0
905681921_8410718959_5394843521_0,0.0,6.822311790370793e-05,0.0
905882686_6430461301_8412464454_0,0.0,4.6148053376607854e-05,0.0
906140995_8414814821_8414822329_0,0.0,5.7870271470440365e-05,0.0002502590666282878
906418410_8417009918_8416978716_0,6.889743537009234e-06,6.780424207850243e-05,0.0001513406931514048
906451501_8417291535_8417291537_0,1.0283199308969005e-05,7.030486436339112e-05,7.564895296818069e-06
906457130_8417348093_8417348092_0,0.0,4.4959347226253624e-05,0.0
906510021_8417842632_8417842641_0,0.0,6.392647687319792e-05,0.0
906528796_1904244323_7648168170_0,1.0283199308969005e-05,6.78181076049589e-05,0.0
907206309_5476934391_8424203887_0,7.656870205458321e-05,6.0287031729792703e-05,0.0
907595810_8427530845_8427530838_0,0.0,4.303708798179091e-05,0.0
907610281_8427671548_8427671557_0,0.0,6.652585575094586e-05,0.0
909490720_1879489286_5513539989_0,0.01899508463073031,5.260263647146602e-05,0.0
909490720_5513539989_1879489286_0,0.0001922752606791025,5.260263647146602e-05,0.0
910307910_8123304883_2614138794_0,3.41402217057771e-06,7.621779176241349e-05,0.0
910307912_8123304864_8123313718_0,0.012154926680788927,7.533484534598243e-05,0.0
910308871_8123304854_8123304860_0,0.05146157168418238,7.545638003710628e-05,0.0
910308873_8123304854_3272242233_0,0.01345819879480904,7.54030821939662e-05,0.0
928191515_535417738_5281062323_0,5.158052773378854e-05,4.864987812316198e-05,0.0
94011838_1092798349_1092798436_0,3.7430845484647183e-06,6.134939281641417e-05,0.0
946724729_535431869_8763609629_0,1.0283199308969005e-05,5.1731644746137315e-05,0.0
946754604_8763869452_8763869448_0,1.0283199308969005e-05,4.516532824446101e-05,0.0
946817336_8764470984_5358131633_0,0.001997593731361701,4.96977032636204e-05,0.0
948234646_8777192776_8777192780_0,0.0,4.373817521631008e-05,0.0
948926724_2746819082_2746819081_0,0.00011309462600004112,7.340819006745078e-05,0.0
952250705_2477132822_5346063739_0,0.0018101310079591962,6.416295100731038e-05,0.0
953611093_5397580715_9229885092_0,0.00010071365403204244,5.065625016198032e-05,0.0
95507067_5358269652_5358269626_0,0.00041657240400633444,4.746843727336471e-05,0.0
95507067_5358269653_5358269652_0,0.0009389177961047241,4.765371836332946e-05,0.0
95507069_13097895693_1575311287_0,0.0006015877259733048,5.72583606940817e-05,0.0
95507069_1575311287_13097895693_0,0.00039855623881702074,5.72583606940817e-05,0.0
95508878_1387999280_1107494473_0,0.0001435945951504432,7.367845042507511e-05,0.0
95531880_2034794751_1187008285_0,0.0,5.634482233631165e-05,0.0
95535620_1107817478_5406429493_0,0.006054830018715422,7.197960235792989e-05,0.0
95535620_5397878543_1107817446_0,4.903029430516422e-05,7.131811722046314e-05,0.0
95535622_1667840994_1107827150_0,0.012453098327951792,7.119848895876694e-05,8.972770556954659e-06
95535623_3278000659_12921465292_0,0.006429364703946692,7.250382161920864e-05,0.0
955358864_4118516693_6411764818_0,0.0,7.349574554075308e-05,0.0
95536436_5406429449_1107817456_0,0.0005075375850934743,7.217234512357249e-05,0.0
95539473_240789108_1107865374_0,0.010713468934454887,7.312202418324724e-05,0.0
95539479_1778148969_1778148955_0,0.0012961561400983074,7.305850368689149e-05,0.0
955510816_11181354934_11181354935_0,0.023177508586471423,7.307289852487317e-05,1.5163442882883958e-05
955510817_5395152126_11181354934_0,0.023086296608600867,7.307012229344133e-05,7.208630329179402e-06
955510819_11181354932_3277874427_0,0.019389033996256914,7.308459474955994e-05,7.930124580343703e-06
955510827_11181354935_3277874434_0,0.02267223330522592,7.303789491404109e-05,7.954928053231292e-06
957034736_2998201958_2998201956_0,4.771404479361619e-06,6.873973023591111e-05,0.0
957404949_2255972064_35137791_0,2.0874894597207084e-05,6.792398210776169e-05,0.0
957409898_4155646612_4155646638_0,0.0,6.756473488040029e-05,0.0
957713811_4681201430_4681201429_0,0.0,6.842245444600416e-05,0.0
957822226_5269487324_5269487323_0,4.7631779199144435e-05,7.508166025676407e-05,0.0
957875483_1108674456_5444644437_0,0.0,7.454207643424071e-05,0.0
958106665_35137789_6412357738_0,0.00010332558665652057,6.803781242369608e-05,0.0
958107009_2255972066_35137790_0,0.000517224358842523,6.793227562463283e-05,0.0
958228680_1708639035_6414109842_0,0.0021594718548834913,5.360439561833969e-05,0.0
958228680_6414109842_1708639035_0,0.0,5.360439561833969e-05,0.0
958228680_6414109842_5466305983_0,0.002138905456265553,5.3295439695593124e-05,0.0
958831902_3115173232_3115195461_0,0.00029928223268823397,7.44862787333312e-05,0.0
958831902_3115195461_3115173232_0,0.00029928223268823397,7.44862787333312e-05,0.0
962137062_11181448969_3272588432_0,0.0005330604857783353,7.319872720336899e-05,0.0
962141848_11181448972_1108653589_0,0.0014417662423133084,7.32809035010983e-05,7.078511687330371e-07
962509035_29357241_5456176078_0,0.004545235793760155,5.6639518826551326e-05,0.0
962509035_5456176078_29357243_0,0.0045371737655019225,5.672510918096898e-05,0.0
964576874_3326688329_2924119522_0,0.01652892663965613,4.1839055227930346e-05,0.0
967049621_12669376691_9229885031_0,5.2506015671595744e-05,4.9798520638847417e-05,0.0
970620693_10173705737_2519917288_0,0.00016066470600333176,6.764891396814437e-05,0.0
975117502_13009993533_3470022241_0,0.0001224523373712029,5.4677742163991076e-05,0.0
992208107_5648631891_9167367930_0,0.0,6.68080625096699e-05,0.0
992979105_29434770_9173811863_0,0.0,7.312866572882932e-05,0.0
995489579_1342112672_312086542_0,0.0019138062233922217,6.236352015072635e-05,0.0
998631607_5388560191_9148044144_0,0.0,6.685324380831499e-05,0.0
998730551_5498292960_9221165155_0,0.0,5.577065846019238e-05,0.0
999876948_8142192107_8780489657_0,0.006224194311334142,5.098021077190644e-05,0.0
"[1000779316, 223676605]_1438388966_3277874428_0",0.0016152232482569977,7.2923918159098e-05,0.0
"[1001395919, 339618935]_5497900163_1061670471_0",0.04070324743434177,5.8727443201459035e-05,4.458652810121419e-06
"[1002559317, 153798742]_6442968640_3628066761_0",0.0,6.971079552040299e-05,0.0
"[1023604257, 1023604258, 502224324, 1023604251, 1023604252]_9103714767_4927702356_0",4.0083910906361186e-05,3.712104060676693e-05,0.0
"[1042494596, 698195117, 698195118, 698195119]_6413975485_5455549279_0",0.0006375994899533142,6.991868769640105e-05,0.0
"[1052122003, 1052122005]_1858790159_12636798236_0",0.0007376550192295827,5.272545556345137e-05,0.0
"[1058854032, 575446803, 1111141900, 575446804]_5408954334_2519873343_0",0.02482586430290192,6.965612844513609e-05,0.0
"[1061811409, 318231946, 1225948676]_11104669201_1663274645_0",0.00707101577442774,6.503868811937066e-05,0.0
"[1061964777, 410049830]_4119128958_6438591633_0",1.0283199308969005e-05,6.128715723152486e-05,0.0
"[1073714000, 1245234211]_3272382565_2325416281_0",0.011981757604425889,7.47967868628614e-05,0.0
"[1073719459, 4627124, 4627123]_25434242_1956195926_0",0.0008058120642494293,7.179854522957395e-05,5.921736765078816e-08
"[1075268432, 1364363782]_319706490_479733030_0",0.00025971248174732123,5.451156725552439e-05,0.0
"[1079472304, 153175498]_5360090966_1658919998_0",0.0,6.742736995322978e-05,0.0
"[1088462200, 306559889]_3115173091_3115173086_0",0.0002581905682495938,7.445116999109811e-05,0.0
"[1109643489, 567658642, 318054781]_2034531650_5825278971_0",0.005355284536124879,6.268756398343435e-05,0.0
"[1110015152, 703836822]_6609222560_8123220091_0",0.018270674372210683,7.020944917519665e-05,0.0
"[1110045313, 553892005]_5346161569_5346062916_0",0.0,6.467230081440926e-05,0.0
"[1110056393, 1109759245, 339790390]_9668839345_8417961963_0",0.0001918022335108899,5.3446083221549975e-05,0.0
"[1110068173, 572998439, 1110068175]_5504526213_5504525775_0",0.0015058305740081853,4.088307952792297e-05,0.0
"[1110072792, 166702157, 553217840, 166702160, 688597298, 166702163, 46141041, 166702165, 587978904, 166702169, 1111838780]_262867689_1781637052_0",0.0,3.9427330039675724e-05,0.001080183996301242
"[1110083555, 1287283156, 385674934, 876006967]_6452771091_7192452849_0",0.011085494519054767,4.135071757639716e-05,0.0
"[1110338248, 1112059321, 235829199]_5358212389_11176912866_0",0.005502539950229315,7.194883777814781e-05,0.0
"[1111101850, 1111101851, 1111101852]_10166777280_10166777277_0",0.0002430948316640273,7.398878927454815e-05,0.0
"[1111168893, 1071541846, 1206655959]_9832971267_10167417685_0",0.020620796742282458,7.307172035250843e-05,1.2951478601189545e-05
"[1111182185, 492893652]_7301516559_535150756_0",0.0026192953951833494,4.245111109121108e-05,0.0
"[1111199144, 569495700, 561403280, 1111199143]_2700952620_4962978187_0",0.00035676531682537067,5.8033029642229485e-05,0.0
"[1111202816, 554784840, 1035993166, 1196988791]_9340090484_6380244015_0",0.054868683544824465,6.496211723773237e-05,0.0
"[1111540811, 340400255]_2325416266_5862690013_0",0.010395635810213274,7.403826148651241e-05,0.0
"[1111566053, 318891925]_5348422768_5354169652_0",0.0021414145568969417,7.015416406432649e-05,0.0
"[1111594160, 1013942994]_9354608157_6585543464_0",0.010749933159204491,5.300109834254513e-05,3.745589986987765e-05
"[1111594161, 1013942995]_6585543464_1879514638_0",0.013340168233140694,5.300165477650096e-05,1.0118141051817195e-06
"[1111604875, 1010538107]_9323710572_9323710573_0",1.0283199308969005e-05,6.729963766309279e-05,2.6217230616618473e-05
"[1111608610, 568905219]_5472514656_5472514665_0",0.0,4.584318072870419e-05,0.0
"[1111634182, 561403273, 569792810, 569792809, 571946362]_5264382274_6801801961_0",0.0014853053081874833,5.856377794746822e-05,0.0
"[1111811192, 42797083, 42796956, 1228755039]_535152878_10173760189_0",0.0011657651728605803,5.5745426226328025e-05,0.0
"[1111862778, 257233125]_2628304773_2628304797_0",0.0040637147029183715,5.501995978473778e-05,0.0
"[1111872044, 573054015]_8153307535_4858796498_0",0.00014676182053760566,4.1349419581324756e-05,0.0
"[1111874208, 763065988]_5498292948_7130567856_0",0.004142463443226456,5.4637966666130164e-05,0.0
"[1111885177, 1270770364, 1358916038]_307882276_3115337226_0",0.0011315632519589495,6.821380389775715e-05,0.00047603794460641117
"[1112041096, 1112041097]_6445777001_6445777003_0",0.0002278345638895173,6.814797326488794e-05,0.0
"[1112055714, 1112055715, 953611084, 953611082]_549742228_9229885031_0",1.842749316167246e-05,4.9543403343381674e-05,0.0
"[1112059320, 552308517, 552308518]_5358212386_29354380_0",0.004021882648129486,7.194257838123044e-05,0.0
"[1112070521, 95608891, 619372366]_1108653643_240791856_0",0.007127717335417395,7.330566905534928e-05,0.0
"[1113135845, 1113135846]_9832971266_11181448955_0",0.0025363511095572054,7.283536784014055e-05,2.27830538623749e-06
"[1113158993, 1219269820]_1911749382_4223805102_0",0.027349546510910473,7.286037451975382e-05,0.0
"[1125114339, 705036951]_5355897677_6621910323_0",1.0776792875799519e-05,7.478443705507377e-05,0.0
"[1134691968, 505549727]_6409383392_4954558696_0",0.000539127573370627,5.7879866238480244e-05,0.0
"[1136777977, 1287744635, 1183988174]_11730487008_11513213946_0",0.008925323406618267,6.200791201812854e-05,0.0
"[1151221552, 558964693, 558964695]_5865112054_1681303075_0",0.03674586101227814,6.723360247847074e-05,0.0
"[1162851884, 316760102]_5406429222_3278000630_0",0.0,7.260630500906555e-05,0.0
"[1162958425, 1162958426, 1163047043]_3110064981_5358464669_0",0.00017495835304279868,7.389032021071348e-05,0.0
"[1162961441, 1162961442, 570149900]_3110265325_9726771937_0",1.0283199308969005e-05,7.457865906648116e-05,0.0
"[1163003035, 1163003036, 1113403814]_5481858777_9152581660_0",0.06415996544845032,7.518878362413657e-05,0.0
"[1171321608, 1186141315]_2858054060_2858054067_0",0.0003091952368220801,5.9175607097072065e-05,0.0
"[1193678240, 1171321610, 1193678238]_2858054060_3007950794_0",0.024484256421857968,5.9455767226373964e-05,0.0
"[1195150404, 1226429669]_3115168003_5444644826_0",0.048335273430269624,7.507301698200499e-05,0.0
"[1196988796, 1196988797]_9544806499_7284403247_0",0.009479711247763404,6.344696500066689e-05,0.0
"[1196988817, 1023249383]_5458169530_5458169163_0",0.0014295703679328713,6.063507448228596e-05,0.0
"[1197845688, 321073550]_2325453511_5360441681_0",0.00018629043868128252,7.207245385845623e-05,2.4995048061705244e-09
"[1197845689, 306586886]_6615673953_3252877763_0",0.02301388231906711,7.21374454916876e-05,0.0
"[1200047296, 320604773]_295555957_8410745145_0",0.008772453365691133,6.776332632670248e-05,0.0
"[1200047297, 26970771, 1430550553]_295556217_1684280565_0",0.0017887419533965407,6.724591780372058e-05,0.0
"[1200632504, 1111556034, 780419062]_4054922025_4154362709_0",0.0,6.354566626651557e-05,0.0
"[1200663697, 1200663698, 1200663699]_5639376031_10177320000_0",8.596754622298089e-06,6.164009398763236e-05,0.0
"[1203879310, 180719958]_4121132281_5495426763_0",0.00633492380149312,6.866837774593986e-05,0.0
"[1211500900, 554760196, 1211500902]_6413975485_6412410108_0",0.07501809843078379,7.089835875709793e-05,8.300491678651434e-07
"[1211520779, 872159811]_5406429338_3272226032_0",0.0655032186413837,7.379743823855738e-05,0.0
"[1213246270, 1365107983]_6842545301_5479700096_0",0.00019118524155235176,4.739874339215888e-05,0.0
"[1213256288, 306307108]_7287786497_3111802857_0",0.005581226991341546,5.077460581749442e-05,0.0
"[1218584482, 318100676, 1193893093, 1284770698, 239944112, 1151221555, 817439226]_11594016904_5391571074_0",0.054447278037142915,6.754526032887874e-05,0.0
"[1220556373, 1220556374, 1220556375]_11310046583_11740333992_0",0.0005524957324722868,6.776593467257928e-05,0.0
"[1220577829, 331287582]_25446462_5353916448_0",0.0332181889229377,6.996125643443531e-05,0.0
"[1220676212, 684297069, 682446269]_2255972227_4161976366_0",0.026955226950208747,6.946064480255887e-05,0.0
"[1222110011, 4625197]_5369274896_11070539440_0",1.0406597700676635e-05,6.805478563622526e-05,0.0
"[1222359800, 559631927, 1222359799]_5397822951_5397822947_0",3.313246817349814e-05,7.273336919511343e-05,0.0
"[1223655316, 1223655317, 1223655318]_11350062465_11350062466_0",3.290623778870082e-06,7.339648606583488e-05,0.0
"[1224496605, 1224496607]_7137977722_11041545702_0",0.011524772227135306,7.065551764744976e-05,0.0
"[1224622569, 1225761852, 175071662]_1857160775_1857160523_0",2.0566398617938012e-07,6.652464397699292e-05,0.0
"[1224657560, 1224657561, 241408601]_3272360369_5353900859_0",0.0027913333196224006,7.538565837801836e-05,0.0
"[1224807160, 306626956]_3115997388_3115997405_0",1.0283199308969005e-05,7.078241888405418e-05,0.00014668587021354773
"[1225465977, 106846227]_3278023496_3278023523_0",8.637887419533965e-06,7.151659836450962e-05,0.0
"[1225789976, 1111616658, 1064244371]_1849960073_12809462426_0",0.011643399214363572,7.07235226568048e-05,0.0
"[1226422368, 320650435, 320650432]_6615860878_6615831436_0",0.04846564383110873,7.31838690895536e-05,0.0
"[1226422371, 1226422372]_8123313737_5397823030_0",0.003721243033132468,7.464273992891596e-05,0.0
"[1227666354, 1362923947, 1362923948, 331188292]_5353778468_29376968_0",7.301071509367994e-05,6.947356425011174e-05,0.0
"[1228056285, 153305903]_29358926_1660116944_0",0.0038678197560825123,6.219365989964421e-05,0.0
"[1231261739, 1231261740]_6615824169_6615867401_0",0.0027136951648396848,7.235135247694355e-05,0.0
"[1231740042, 318899773]_9152581660_10043935232_0",0.025281471731485098,7.510636887258511e-05,0.0
"[1233466992, 318193811]_5344074254_25433989_0",0.010212903358492894,6.616249778584933e-05,0.0
"[1234195273, 269129285, 1030041141, 269129286]_5825176142_5482193683_0",0.04947020957160191,7.496266717078122e-05,0.0
"[1240648417, 1162995947, 1162995948]_3445679982_3445679937_0",0.00022791682948398905,7.29393532907608e-05,0.0
"[1246217324, 1246217325, 1246217327]_549742651_1781964145_0",7.103634082635789e-05,6.925955422603298e-05,0.0
"[1246219000, 1246218999, 269468423]_1982778316_6488954663_0",0.031173786068321576,7.400797862398295e-05,1.0582109159435367e-07
"[1246748754, 507036311]_5406854122_4966289040_0",0.0017386010735660079,4.668115091575787e-05,0.0
"[124818033, 687395053, 687395054]_1014721989_3110058971_0",0.00029115850523414843,7.432130262042123e-05,0.0
"[125813777, 125813781]_5492610675_1396428145_0",0.022401332702630443,6.0728697065766035e-05,0.0005119218186404333
"[125813778, 1112048618]_12809283845_5862482062_0",0.0011941262365547168,6.058298885865862e-05,0.0
"[125853419, 1223592421]_1396740187_4119193342_0",7.741192439791868e-05,5.878664397186402e-05,0.0
"[1259682114, 1258718409, 1030698154, 1258718410, 1258718411, 955513460]_5447282787_3376673108_0",0.005698146967484523,5.39941860521837e-05,0.0
"[1259705833, 4567682, 1296460355]_2477709385_10680268006_0",0.0020221294449129013,6.750186887654972e-05,0.0
"[1266340992, 1266340993, 551004981]_5504192770_535433098_0",0.01768461427719392,6.0470652194661106e-05,0.0006523239521445349
"[1267317873, 691138026, 782613380]_5512838859_6484905876_0",0.0001518211545976184,6.664692364020944e-05,1.016321450203145e-07
"[1279109528, 492893650]_2924119522_1740402748_0",0.01270166382164819,4.1541358171113605e-05,0.0
"[1280131986, 55780163, 1363877061]_29356793_306334264_0",0.00015616066470600332,5.849759599814697e-05,4.956878560658786e-07
"[1280131986, 55780163, 1363877061]_306334264_29356793_0",0.00015616066470600332,5.849759599814697e-05,4.956878569151715e-07
"[1288954210, 554784835]_7284403249_7284403245_0",0.003159204491701458,6.361718907347794e-05,0.0
"[1289162530, 1289162531, 781676955]_7298122573_11785253136_0",2.0854328198589146e-05,5.51390975244537e-05,4.117035706525485e-05
"[1296214674, 686847811, 546544735]_5281727569_5281727570_0",0.00010754169837319786,5.2762752011952907e-05,0.0
"[1301228978, 572244758, 1466292807]_6435794098_3115989515_0",0.011259445118565288,6.450159429657935e-05,0.0
"[1301559465, 306091676, 306556222]_3109046937_3115585857_0",0.012896736112539333,6.556984389977628e-05,0.0
"[1301559465, 306091676, 306556222]_3115585857_3109046937_0",0.01524805133373095,6.556984389977628e-05,0.0
"[1302053010, 331559927]_364363786_12361073933_0",0.0010900191267507145,7.079184165564598e-05,1.1623601960277625e-05
"[1308268698, 1222414518]_29489287_5348639825_0",0.0026639861793801285,7.355929492866084e-05,1.5314307783715836e-09
"[1308268698, 1308268699, 718657214]_1187008458_5479477274_0",0.0026022869835263147,7.299448795824662e-05,0.0
"[1315137968, 1196988814]_7531306503_2634710028_0",1.8509758756144212e-06,6.0423947612251784e-05,2.3869683676552313e-09
"[131755636, 1037096381]_1879501435_1879501444_0",0.03120595191576003,5.33729605463525e-05,0.0
"[1328721590, 1364776405, 575487502]_198463453_5523916623_0",0.006079221767476297,4.1520685626693544e-05,0.0
"[1363661395, 1466011366]_13446215450_8288125008_0",0.0007592703041770355,4.880437888185978e-05,0.0003061959412657477
"[1363679826, 4255990]_25433599_364365279_0",5.2752812455011e-05,6.931228202196095e-05,0.0
"[1363887648, 43542697]_11768128779_12628930748_0",0.03688301832466117,7.10266458232254e-05,0.0
"[1363920580, 223676212, 1235377703]_5847788319_10174481503_0",0.03853618657836826,7.266423879697236e-05,0.0
"[1364044962, 1364044963, 336846210, 1270053493, 1389473784]_3939235049_3934111106_0",0.0,5.495658704932729e-05,0.0
"[1364044965, 390287773, 1364044967]_5479194184_8408170536_0",0.0021341751845834274,5.609170367836842e-05,0.0
"[1364319050, 1364319051, 939807607]_2628299939_3445484393_0",0.006329021245089772,6.090595314926393e-05,0.0
"[1364363781, 4623255]_29356940_29357699_0",0.0003084548464718343,6.065586440179971e-05,0.0
"[1364573712, 1468273930]_1837402709_7130255136_0",0.0070643933940727635,5.4616314142195574e-05,0.0
"[1364640776, 155153410]_29356960_12637511228_0",0.00012485860600950168,6.19421405612976e-05,0.0
"[1365088953, 897873308]_5477100310_11617730764_0",0.004861197375727536,6.697778840286303e-05,0.0
"[1365102232, 385643871]_5358131687_12641837179_0",0.0021013306459905807,5.066034267448128e-05,0.0
"[1383483032, 330544300]_1014722265_11380591251_0",0.00030257285646710403,7.389100946322486e-05,0.0
"[1383555899, 4623260, 247064779]_2325449893_11382060932_0",0.010177488020072805,6.682824515477463e-05,0.0
"[1383929713, 777643289]_5397822942_5397822728_0",0.01217563704419719,7.356212281433566e-05,0.0
"[1383929728, 1383929729, 1111191256, 1383929727]_1667742416_9198770125_0",0.01547496040968266,7.461720809644781e-05,0.0
"[1384073984, 241791694]_6637726062_12814453800_0",0.037156510293482506,6.720951731605261e-05,0.0
"[1384127080, 1384127079]_10173744449_2520649125_0",0.0002424367069082533,6.822495451554121e-05,0.0
"[1384127083, 1384127084, 320423244]_6445777003_1847944841_0",0.005996853341011455,6.820673185162217e-05,0.0
"[1395659507, 1211277645]_5360254305_389137494_0",0.0031407769985397857,7.434846430484315e-05,0.0
"[1395659508, 1395659509, 1395659510]_5348770296_3110236069_0",0.0032848240544598234,7.413749007549245e-05,0.0
"[1413987233, 572986018, 572986017]_4091612595_4091612597_0",0.007094913929621784,6.249434503290602e-05,0.0
"[1420120872, 747968016]_5504884529_5504884733_0",0.016640190856179175,4.236882996846789e-05,0.0
"[1423903699, 559358501]_8979186743_3272589082_0",5.244431647574193e-06,7.320619354241238e-05,0.0
"[1424377153, 127343945]_312086672_312086673_0",0.0007453057195154556,6.062491874235321e-05,0.0
"[1426241980, 1426241981, 1211484975]_5472514676_1837406635_0",0.0032126771281080968,4.4655655280415126e-05,0.0
"[1426370636, 1426375726]_13112052199_13112052190_0",0.01624576846348436,5.418863736889719e-05,0.0
"[1426373877, 385677358]_3115175881_3114800859_0",0.0034102996524278634,4.606750040420256e-05,1.4434487212439338e-05
"[1434389962, 1434389963, 1434389964, 970620695]_1666155318_5293786192_0",0.0016684079550829854,6.753043266014694e-05,0.0
"[1434389968, 1434389969, 1434389970, 1434389967]_5841953280_1849526024_0",6.050634473397363e-05,7.100726702301621e-05,0.0
"[1434389971, 1434389972]_3269450488_25433463_0",6.554511239536844e-05,7.14153321096295e-05,0.0
"[1442951320, 1442951321, 1442951319]_6411468692_3115195444_0",0.050300783579787345,7.553896005299123e-05,0.0
"[1442951322, 552013475, 561411662, 561411663]_3115195444_5330289517_0",0.04980525677148674,7.551240368798199e-05,0.0
"[1445396296, 1445396295]_3277363480_12606352975_0",0.006235032803405796,7.344499365212172e-05,0.0
"[1445396313, 962150913]_1980735013_1980735017_0",2.215001131151924e-05,7.317953750017014e-05,1.181035474629502e-05
"[1445396320, 1445396321, 331563878]_12606352972_12606352973_0",0.017139193385846203,7.355419306421902e-05,0.0
"[1445396330, 1445396331, 1445396332, 1445396333, 1445396334, 1445396335, 1445396336, 1445396337]_1667734190_5395151866_0",0.022619171996791643,7.268293837943673e-05,2.6523486327433123e-06
"[1445399243, 1445399244]_29356230_29356368_0",0.009809884211175781,6.99610152729607e-05,0.0
"[1445399250, 1445399251, 1445399252]_1014722757_29356230_0",0.003274006128786788,6.992063469882993e-05,0.0
"[1445399253, 1445399254, 1445399255]_1849525885_1849525961_0",0.021142669107212634,7.338812060896666e-05,0.0
"[1445399274, 1444864947]_3445557996_2628296773_0",1.5260267774510007e-05,6.626340377604705e-05,0.0
"[1458718803, 4256227]_29359719_5369882298_0",0.009679205314357403,6.763861817581351e-05,0.0
"[1459302227, 555629087]_2628286394_29377063_0",2.056639861793801e-05,6.883933681444414e-05,0.0
"[1466159402, 264410204]_2477175089_6673655499_0",0.0004589803179565226,4.628330468464369e-05,0.0
"[1466292808, 1301228987, 572244756]_3115989501_6435794100_0",0.013542335931555025,6.447674635831585e-05,0.0
"[1468273931, 572290195, 1364573711]_7130255140_7308607952_0",5.3883964378997595e-06,5.4647358476073336e-05,0.0
"[153106229, 1111201237]_1658431473_1659928201_0",0.0035318265018612588,5.961736611240054e-05,4.3153979651126034e-05
"[153319330, 1416113527]_32524281_1660260878_0",1.085905847027127e-05,6.780821529110473e-05,0.0
"[153699092, 616105503]_7669230603_2036066796_0",5.520021389054562e-05,6.81340258077802e-05,0.0
"[155771538, 865316566]_9167357879_5471927660_0",0.002808855891244884,6.0893712692570576e-05,0.0
"[156140316, 1430311079]_3272011493_1684291600_0",0.0004928531764802665,6.411204875267753e-05,0.0
"[158851553, 1112370994]_1709854475_12373141857_0",8.053801698784526e-05,6.216043773689007e-05,2.471947004873786e-05
"[158891665, 450241379, 87143333]_1013359034_2958261180_0",1.727577483906793e-05,6.696170905528081e-05,0.0
"[166336050, 1113391604]_1982390351_389141127_0",0.004040104477304979,7.440609126838863e-05,0.0
"[166364689, 1019895484]_1778148696_1778148860_0",2.2376241696316556e-05,7.390454850099743e-05,0.0
"[166702158, 46141040, 46141045, 1111154102, 166702170]_262867665_1781637021_0",2.5605166279332825e-05,4.202672146021307e-05,0.0
"[166752447, 166752446, 4625951]_3445438782_5342143102_0",0.0053160027147646175,6.74115258128083e-05,0.0
"[166752448, 43549861, 166752454, 1111867685, 43549868, 686613132, 686613133, 166752463, 166752464, 43549806, 166752467, 1185502259]_5986519994_549741932_0",3.4880612056022866e-05,6.197525492485902e-05,0.0
"[166752451, 166752455, 686606292, 166752468, 686606294]_5474386679_549742220_0",0.00629274211792773,5.636566797321539e-05,1.4507624845514583e-09
"[166752484, 816946344, 686001262, 686001263, 686009042, 686009045, 686009046, 1112089374]_11949685406_7514017637_0",1.3985151060197848e-05,7.229252513848113e-05,0.0
"[166752492, 551004983, 166752496, 42796793, 571594710, 571594711, 340405401]_549742406_262867973_0",0.00019733459473911523,6.497276772105535e-05,0.0
"[168549936, 153340105, 168549935]_29359106_1660110851_0",0.004208296485202476,6.212592412417926e-05,0.0
"[168569217, 418942771, 4256015]_2317306738_5356356911_0",0.000644345268699998,6.898061608889844e-05,5.890950322959014e-10
"[168942788, 1270958668, 1270958669]_1801230105_1801230079_0",0.0003212265800135738,6.0409729650915504e-05,0.0
"[174269784, 1306065412]_3374033499_12096324718_0",0.0011394196162310018,7.229161221379415e-05,0.0
"[175071627, 1224607892, 1224607891]_4911450088_1857160525_1",0.0,6.688410417646274e-05,0.0
"[180719953, 1365088954]_12628930744_5497855623_0",0.0068682722168521065,7.124208670465465e-05,0.0
"[180719958, 1203879310]_5495426763_4121132281_0",0.004642782222405034,6.866837774593986e-05,0.0
"[180956105, 1222524018, 180956115]_4223805333_9293586602_0",0.0008084034304752895,7.187347122707754e-05,0.0
"[180968121, 180968106, 1195150411]_1914135275_1914135273_0",0.0002588486930053678,7.42115995665523e-05,0.0
"[193081856, 193081855, 4622143]_5358212386_11176912847_0",0.001073319211072949,7.189170112238619e-05,0.0
"[223676320, 1109639623]_4434330589_6443280179_0",0.006271065133784423,7.410314798970131e-05,0.0
"[223676433, 153462333]_5639376089_5353615188_0",8.720153014005717e-06,6.691571159098327e-05,0.0
"[223676441, 858014181]_11207093319_364328701_0",0.017660037430845484,7.11572878480837e-05,0.0
"[223676546, 856222527]_7983673000_5639376089_0",0.0006712461180922608,6.676025992608855e-05,0.0
"[239952472, 570805429]_2477251338_5487538332_0",8.051745058922732e-05,4.796556717537557e-05,0.0
"[254609685, 166710710, 166710711]_7301516559_1781637021_0",5.244431647574193e-06,4.163212165986042e-05,0.0
"[269129288, 318899769, 724036543, 269129287]_10187187001_3272299574_0",0.04461871953602205,7.494907607402436e-05,0.0
"[26970771, 865402190]_5466342644_1684280599_0",0.0017944799786109454,6.553248693904044e-05,0.0
"[271678849, 271678846, 560628190]_5406429469_1107827103_0",0.0003242704070090286,7.310703798747681e-05,0.0
"[272989131, 1467240676, 1467240677]_1107458315_1396437285_0",0.005274355757563293,5.405422962041185e-05,0.0
"[27533464, 1055265778]_9785410764_3272687621_0",7.268165271579293e-05,6.971614988417564e-05,0.0
"[28446157, 1111886639]_5474527114_30236623_0",0.005629146700121342,6.368575514186351e-05,0.0
"[292668297, 292668301]_1900221414_5463491588_0",0.0015085247722271353,6.624972821992259e-05,0.0
"[292668641, 1113178486]_10793008394_2962096312_0",0.009936634925858133,6.833887159533517e-05,0.0
"[296967121, 330993406, 1110323023]_3007949464_3380407826_0",0.008768278386771692,6.229960477593047e-05,1.7387312794096474e-09
"[299060178, 299071750]_12072861369_7278667904_0",0.0001542479896345351,4.3192059917595675e-05,0.0
"[301721186, 494322635]_1858815040_11509804898_0",0.0005421919667646998,5.377614929730688e-05,0.0
"[306181128, 306181125, 571202263]_6643216603_3110266609_0",0.013113382555580692,6.141631645920932e-05,0.0
"[306199568, 306199553]_3110473606_6789581179_0",0.0,6.294378464346512e-05,0.0
"[306250137, 570154908]_3111020357_10155303360_0",0.00023926948152109084,5.759106757942266e-05,2.4645854757393382e-06
"[306316117, 141637077, 306316118]_3111879957_5287142140_0",0.0010120724759887295,4.950226022574906e-05,0.0
"[306324481, 306324484, 568905213]_5475153492_8005536627_0",0.0017152376447360303,4.620094809896222e-05,0.00012866323259303825
"[306556217, 306556212]_3115112845_3115112843_0",0.017081237274540854,6.706775213770707e-05,8.388129949586119e-07
"[306556224, 989814288]_5388407028_3115112708_0",0.0,6.387660525489752e-05,8.640106929317641e-06
"[306556226, 306556219, 570881791]_5342210915_3115112841_0",9.460543364251486e-07,6.461002018076998e-05,0.00019068494841004754
"[306565581, 571536998]_3115274200_10183374814_0",0.0,7.098501736436377e-05,0.0
"[306591696, 306593174]_5497978046_5474591672_0",0.0003635316619706723,6.487204402017308e-05,0.0
"[317742825, 1306065410]_1849525851_7462273773_0",0.0035518376077165125,7.222784736127884e-05,0.0
"[318051988, 1421703094]_5353648141_1664485228_0",0.0032754869094872795,6.907859471289367e-05,0.0
"[318102560, 1466015977, 1466015978]_1013384626_29358926_0",0.003912901301853032,6.22045931250356e-05,0.0
"[318490789, 807117137, 1271974938, 1271974939, 703837308]_12813271261_9234321516_0",0.015019579211484276,7.435587317103485e-05,0.0
"[318678696, 167539549]_1837527581_5426147698_0",1.850975875614421e-07,4.7493271417359725e-05,0.0
"[318729572, 620872889, 620872892]_4183530883_4191858105_0",0.01523597885774222,6.430529580183553e-05,0.0
"[318732960, 1193678215]_9336898538_2518040289_0",0.0331070892376036,6.167640898321918e-05,0.0
"[318732960, 1193893114, 681566643, 1193893115]_11310497696_5354200787_0",0.032092918988955846,6.233968283748248e-05,0.0
"[318899766, 1000446214]_3277416899_2746818986_0",0.0017223741850564548,7.448097871539214e-05,0.0
"[318899770, 1195150403]_3115092581_3272376483_0",0.0494797112477634,7.571634566911439e-05,0.0
"[318899777, 95529338]_549740393_6438602396_0",0.003160191678835119,7.102425924581419e-05,0.0004303789758258805
"[319178858, 554760194, 1211500901]_7673353740_6615862315_0",0.008149044690784197,7.091198346908311e-05,0.0
"[319194430, 1220201478]_7856163871_7856163870_0",0.0065908726322933585,7.313982297934841e-05,0.0
"[319194434, 1160629642, 1279258039]_5852700917_3256092261_0",0.00013843242909734077,7.325800937224482e-05,0.0
"[320644931, 1423903700]_8979178865_11181448979_0",0.00034679061349567075,7.331229616538363e-05,2.777550248384389e-07
"[320650424, 331404493, 255736446]_6430993344_8123313717_0",0.03512095099027209,7.524279193940703e-05,0.0
"[320653996, 554803444]_7132472251_9327097034_0",0.008302264360487834,6.691730200992909e-05,0.0
"[321011042, 306250236]_5356347806_5482165340_0",0.0018818871727371818,5.935434493539714e-05,5.277869165544266e-07
"[321030145, 1240055292]_2962099369_11520711531_0",0.0,6.842703885785563e-05,0.0
"[321086426, 704492127]_2325452721_3445680290_0",0.004995927853073648,7.34183502376782e-05,0.0
"[330635698, 713671780, 713671781, 713671782]_3277353722_1777901379_0",0.011896530448553154,7.447584465142697e-05,0.0
"[330757698, 689946690, 689946687]_5388798799_1792457355_0",0.04031855294819324,5.0328379003933296e-05,0.0
"[330853612, 292668468]_2962096536_2962096518_0",0.00011938794397713016,6.831853999479472e-05,0.0
"[330855368, 1263079211]_3270489635_6395362217_0",0.0003323118688686424,6.639851670849192e-05,0.0
"[331107874, 1205391827]_8780533047_5397578851_0",0.018871562840630976,5.0894152620381195e-05,0.0
"[331305699, 331305700, 566931127]_9352041941_5458575527_0",0.007046294963288978,6.974438881819207e-05,0.0
"[331309152, 754156567]_25773425_6637726062_0",0.027336918742159058,6.737508892233535e-05,0.0
"[331415857, 705084226]_12357196629_11369490713_0",0.014731217736462167,6.380719789655627e-05,0.0
"[331562851, 1207654284, 1119513365]_3272578338_11181449012_0",0.0017312177364621681,7.490165082196677e-05,0.0
"[331562852, 319195726]_2325453211_6618370831_0",0.010099644201303909,7.38843551850308e-05,0.0
"[338053304, 571847805]_3451139961_7308282294_0",1.0283199308969005e-05,6.922508386819134e-05,0.0
"[339977634, 686685086, 910286254]_5477134557_1550379985_0",0.0018097402463854554,5.231632804221429e-05,0.0
"[340013840, 681761948, 54856349]_6380049252_4146864356_0",0.019334882668695885,6.373946599074632e-05,0.0
"[340403802, 685849478]_6428110623_1982778316_0",0.03671731485099644,7.40296370527495e-05,0.0
"[361818818, 166755774, 43542926]_535150756_535150793_0",0.0026090121958743805,4.83079449200163e-05,0.0
"[369620056, 762806261]_3733980774_3733980772_0",2.377475680233634e-05,5.4493960638723545e-05,0.0
"[382982569, 771926563]_2255972122_35137794_0",0.00044770993151389257,6.846003243893655e-05,0.0
"[382982569, 771926563]_35137794_2255972122_0",0.00044770993151389257,6.846003243893655e-05,0.0
"[385643874, 1109715775]_6438517018_5281690595_0",2.7867470127306008e-05,5.2415107650598775e-05,0.0
"[385677356, 686875629, 686875630]_9549296758_5287159509_0",0.030029224852436087,5.099511980751923e-05,2.572121031004918e-06
"[409822096, 409822097]_5460962103_5460960220_0",0.0029025358369495916,6.565701550525039e-05,0.0
"[410036350, 1421703095]_4118981192_4118980748_0",0.001230549328507085,6.869246551379425e-05,0.0
"[410061764, 410061789]_4119271383_4119270885_0",0.0005794582810604035,6.150806757578992e-05,6.216441285868425e-06
"[414174522, 681764902, 414174503]_5328577997_6378639877_0",3.492174485325874e-05,6.131479813577376e-05,0.0006530740101771207
"[414435672, 414435670, 561412375]_3271896085_2493372404_0",0.01928963659173642,6.831183119882718e-05,0.0
"[416528155, 292276220]_1658934307_2958261171_0",0.03385005038767661,6.698212849680004e-05,0.0
"[416566865, 1219894132]_2325449629_1658919998_0",0.03667930814635049,6.739502060266062e-05,0.0
"[422642197, 1201166558, 1201166559]_4223805102_4223805333_0",0.00351286428233552,7.229203447515394e-05,0.0
"[422642197, 1201166558, 1201166559]_4223805333_4223805102_0",0.004668551919873311,7.229203447515394e-05,0.0
"[4257896, 1227417357]_25433457_32042327_0",9.131480986364477e-06,7.060125476825154e-05,2.113482723016015e-07
"[42796908, 42796909, 42796894]_1837402708_5358098252_0",0.008150977932254283,5.48139816720378e-05,0.0
"[4279691, 318729566]_2520723803_2519873343_0",0.006653353351294655,6.972420720232981e-05,0.0
"[42813105, 42813125, 1364319054]_5495333472_5504192724_0",0.008518828537934722,5.990934294382435e-05,0.0
"[42813131, 1364319054, 1364319055]_5490031090_535433098_0",0.008512411821565926,6.120294389323552e-05,0.0006246723055539217
"[43542266, 43542267, 1365088949]_5513054573_549732617_0",0.00937692038747095,6.048505345019573e-05,0.0
"[43542976, 1111867256, 1111867252, 1111867253]_549742651_2746819066_0",0.00030349834440491125,6.99968964522012e-05,0.0
"[43543123, 689098115, 689098119]_549740960_3115219755_0",0.0025134195750982045,7.171064031487766e-05,0.0
"[43549859, 166752451, 43549766, 43549863, 166752457, 166752459, 166752460, 686613134, 43549807, 686613135, 1185502258]_549742977_549742210_0",0.006333874915163605,6.444322250503013e-05,0.0
"[447131657, 447131659]_4443200332_8444197687_0",0.001663204656232647,5.283914317985381e-05,0.0
"[46141328, 572266243, 46141327]_262867973_588189863_0",1.9496945889805234e-05,6.503907082450682e-05,0.0
"[4625283, 1279170231]_29377187_13382601416_0",8.664623737737284e-05,6.881467296420093e-05,0.0
"[4625308, 54879540]_10184344289_2604179154_0",0.05616344116981675,6.570559601400906e-05,0.0
"[4632990, 416528158]_29427961_29427097_0",0.024339674639573865,6.727022448340007e-05,0.0
"[4632992, 4632845]_2958261173_5353615188_0",1.563046294963289e-06,6.6550193838978e-05,0.0
"[464125696, 1112048618, 464125693]_1870759840_29377755_0",0.0011833288772802994,6.139037434110318e-05,0.00018376199699390684
"[4716962, 856222525]_29379232_7983673000_0",0.000656911338255558,6.629325222080583e-05,0.0
"[505549729, 561403266, 561403268, 569512452, 1111199693]_5246546489_6804522944_0",0.0005299138267897908,5.8370746271434926e-05,0.0
"[5112484, 1171318109]_6452512708_665709306_0",0.03028535878082389,6.020929540092642e-05,0.0
"[52325996, 1171318108]_665709306_5458169144_0",0.0024822614811920284,5.9978918796397506e-05,0.0
"[532957848, 1291995877]_5171356169_5458602374_0",0.01126261234395245,5.707564884215594e-05,0.0
"[542678297, 1111199692, 685791948]_5246546422_5246546430_0",1.0900191267507147e-05,5.112169258378702e-05,0.0
"[542678298, 771301763]_4954559554_5246546440_0",1.0283199308969005e-05,5.1027338434318694e-05,5.819109320825129e-07
"[542678299, 1444645620]_5663943400_5246546502_0",1.809843078378545e-05,5.956155128665934e-05,0.0
"[54856161, 616875763]_690660109_6382208715_0",0.014303950805174504,4.5711706187156654e-05,0.0
"[550545312, 550545315, 550545308]_13245931854_5865267190_0",0.01974995372560311,4.7328960941120436e-05,0.0
"[551004987, 1363896485, 771307435]_535151680_588190282_0",0.002430989449437509,5.73562906475748e-05,0.0
"[552297816, 552297817, 447131656]_5509890169_4443200319_0",0.03221697550541924,5.48777532631848e-05,0.0
"[552308513, 1112053662]_1013431927_7856163872_0",0.004943853731773029,7.313821221359399e-05,0.0
"[553183304, 318478993, 1110408966]_13022549239_1857128509_0",5.326697242045945e-06,7.017035552673299e-05,0.0
"[553702475, 553702476, 832021069, 832021070, 832021071, 42797136, 832021068, 686003707]_535155640_10152421499_0",0.00020926310593751926,5.5477146261052455e-05,0.0
"[553702481, 1111636878, 1111811193]_535155640_535152878_0",2.7970302120395695e-06,5.5288885378271474e-05,0.0
"[553881969, 1361085052]_5346063818_5346063815_0",0.0,6.411829993599507e-05,0.0
"[554191053, 306585326]_3115483214_5348511579_0",2.6736318203319416e-05,7.010500754608192e-05,2.1760652035853e-11
"[554215790, 447131654]_4443200304_5521580642_0",0.032785986055981736,5.33332488901209e-05,0.0
"[554215792, 339694300, 939226085, 575417406]_5287089903_1879501435_0",0.031302943051642225,5.3143959556884155e-05,0.0
"[554760148, 554760149, 319178854]_2614140398_7132443584_0",0.07326561503815067,7.022843420113057e-05,0.0
"[554760154, 554760155, 1211500907]_6411720178_6411720179_0",0.0022143841391933858,7.00019887399077e-05,0.0
"[554784844, 555340437, 1196988798]_6380243449_3272722525_0",0.009348230261398926,6.533690376433953e-05,0.0
"[554786162, 1036438415]_5353902657_9548617683_0",0.0,7.548805907816569e-05,0.0
"[554803432, 320652956, 1211500910]_6627565560_4191858159_0",0.008765172860580383,6.74899583949204e-05,3.208227143301031e-09
"[554823360, 681569110, 681569111]_5354200391_5867148382_0",0.0002050058614236061,5.900025070898208e-05,0.0
"[555335308, 1111837710]_5358106594_5358106596_0",0.0,6.933872973335123e-05,0.0
"[555338352, 555338354, 554760189]_5413486776_6412410108_0",0.0,6.96396759905062e-05,0.0
"[555383355, 330635700, 172205766, 4906303]_1777901379_3277353721_0",0.01497237932665611,7.445948097031501e-05,0.0
"[555593898, 555593897, 1396551898]_13162005681_11767837212_0",0.00411060609176727,6.752065346426241e-05,0.0
"[555601307, 4781279]_30602861_5360355190_0",0.018435699154721017,7.419211303260714e-05,0.0
"[555652474, 555652475, 223676319]_5355823341_3445680551_0",0.00039530674783538655,7.35523935194163e-05,0.0
"[555662035, 555662036, 1466003166]_3110265315_1014721989_0",0.0002683709355654731,7.436541261685831e-05,0.0
"[556672075, 4625243, 561408830]_11329397237_29376979_0",0.00019116467515373382,6.906459929471317e-05,9.46745699847344e-06
"[558964698, 551823894]_5391571151_2477140690_0",0.042017954465993455,6.620113933303675e-05,0.0
"[559019363, 575446830, 575446823]_5392239245_3229412583_0",0.0006262879707134483,7.008535560026666e-05,0.0
"[559314154, 559314156]_5394843807_8410705657_0",2.099829298891471e-05,6.889282307755139e-05,0.0
"[559327352, 559327357, 559327349]_6734744013_8770948197_0",7.827571313987207e-05,3.3772780781989926e-05,0.0
"[559616826, 682834436, 561397422]_2519403304_5397447942_0",1.0283199308969005e-05,6.649537621351048e-05,0.0
"[561391490, 1272644099, 1054720773, 1054720774]_9726032985_8417954947_0",0.0001900746560269831,4.161093100582856e-05,0.0
"[561397504, 255736899, 685799345, 685799348, 561397503]_3445438742_5246546574_0",0.0006304835160315077,6.51167950001577e-05,0.0
"[561397509, 561397510, 572244748, 572244749, 551004983]_588189946_5246546497_0",0.0020876745573082697,6.152353305616196e-05,0.0
"[561400534, 1364573709, 546539870, 686847815]_5281690595_5281690596_0",7.3010715093679945e-06,5.247381819146492e-05,0.0
"[561403270, 569512455]_5246546118_7633033172_0",0.002649651399543426,5.3858991518052285e-05,0.0
"[561404901, 561404903, 166752494, 269468433, 1185502257, 166752500]_2746819066_549742872_0",0.00031984863130617196,6.956249621449622e-05,0.0
"[561406048, 561406050, 359577531]_3641024923_3641024927_0",0.00532186413837073,6.369899095576474e-05,0.0
"[561406296, 574247998, 561406294]_3640453033_3640453051_0",0.00649490981634206,6.300638616791039e-05,0.0
"[561411466, 561411467, 320430475]_1849960655_1849960371_0",0.0009141147193714908,6.767202687860997e-05,0.0
"[561412377, 559019402, 561412378]_5392239467_9664699812_0",2.9656746807066615e-05,6.930830526152498e-05,0.00036788529084170703
"[562353171, 562353172, 792068477]_5488187015_5488186938_0",0.003657960224585073,4.7971745086573594e-05,0.0
"[565028028, 565028029, 542678302]_5246546548_5502471575_0",6.496925323406618e-05,6.058094988841156e-05,0.0
"[565028032, 565028034, 1389473935, 1389473936, 565028026, 542678301, 565028031]_5246546551_5246546581_0",6.642946753593978e-06,6.054762916814311e-05,0.0
"[566602162, 574251583]_1668205971_5456175501_0",1.0283199308969005e-05,5.66322205312561e-05,0.0
"[566602234, 1222121247]_5456175649_5456175629_0",6.396149970178722e-06,5.587172148336223e-05,0.0
"[566940922, 565293869, 1272062502]_1932103795_5444765269_0",1.0283199308969005e-05,5.2109791352881396e-05,0.0
"[567249924, 567249925]_5460962145_5460962139_0",0.0,6.631064588862232e-05,0.0
"[567289716, 681518812, 681518813]_5461180817_5461180818_0",0.0036047343849618494,5.351460968400585e-05,0.0
"[568020993, 1237151398, 1237151399]_5465914346_5465914345_0",0.0020445468194064537,6.661938010820199e-05,0.0
"[568035325, 337078686]_3064183061_5465992468_0",3.084959792690702e-05,6.328822956884356e-05,0.0
"[568906193, 153699083]_3277469066_1663274703_0",4.1132797235876024e-08,6.767197381717086e-05,8.792463725641908e-06
"[569261027, 897873307, 1249782255]_3115337276_11617730766_0",0.019013285893507186,6.714100370893686e-05,0.0
"[569266345, 569266397]_5479233574_5495352174_0",5.3883964378997595e-06,5.773019925536727e-05,0.0
"[569266401, 702889575]_5493131924_5493131738_0",1.2545503156942188e-06,5.3560051018367444e-05,0.0
"[569492443, 619341324, 569492445]_5476888640_5476888644_0",0.0018922320712420047,4.3927073413105024e-05,0.0
"[569497064, 561403489]_6390502251_5476934449_0",2.8792958065113217e-05,6.324791583706767e-05,0.0
"[569792807, 569792808, 561403274, 571946363, 1115012255]_5264382269_6804522946_0",0.00048168562203072617,5.851073573060268e-05,0.0
"[569869384, 569869382]_8764461560_5479698911_0",0.0,4.9550198461771605e-05,0.0
"[569885000, 570154945, 553702546]_5344475319_5479785541_0",2.122452337371203e-05,5.62401686966013e-05,0.0
"[570112581, 1205181311]_3109042702_5477427007_0",0.00033033749460132034,6.178500337784823e-05,0.0
"[570115113, 1415825123, 570115118]_1912924758_5481622777_0",0.05396947946445098,6.980985379927749e-05,0.0
"[570115121, 1112143764]_10174574915_1912924758_0",0.029817987372231246,6.958136657752106e-05,0.0
"[570119298, 1301228979]_5075164656_5356234153_0",0.007114266910721263,5.98720389531986e-05,0.0
"[570822480, 570206342]_5482193683_5353900620_0",0.0004452830964769759,7.449474288307624e-05,0.0
"[571174868, 269468421, 1246218998]_6428110642_11782404758_0",0.00042154947247187544,7.343215977220982e-05,0.0
"[571219626, 176009310]_8292101872_5490413459_0",0.0061748555210497085,5.0115923755065656e-05,0.0
"[571511856, 571511857, 124818063]_10184086300_3115316725_0",0.008428130720029615,6.882570696710689e-05,0.0
"[571585737, 571585762, 571585763]_5493070834_5493070901_0",0.0,6.052292790165894e-05,0.0
"[571881480, 690698784, 690698782]_5495333298_535431501_0",0.007897003475721366,5.711524258523755e-05,0.0
"[571935808, 1112385076]_5495647833_4962978187_0",0.0,5.796435159623951e-05,0.0
"[572963055, 572963056, 42797075, 42797077, 1339489081]_1773328593_10173760190_0",0.010974785595294408,5.912795843905545e-05,0.0
"[572970658, 569520445, 569520770]_1865691047_5477100412_0",0.0,6.788648478184444e-05,3.9641844505721005e-05
"[573345248, 547200197]_7192452849_5506936483_0",0.0007301071509367994,4.107104491777719e-05,0.0
"[573416305, 360122631, 573416303]_3647231255_11763845419_0",0.0009403985768052156,5.623094055594359e-05,0.0
"[573844768, 1292203418, 1292203419]_5510140389_5510140390_0",0.01517304567797133,6.65942687028237e-05,0.0
"[574254129, 1364776405]_198463453_5512830338_0",0.005684264648417416,4.144210715491368e-05,0.0
"[574384760, 1415823945, 1436669798]_5171383728_5510420750_0",2.227340970322687e-05,5.234681322202988e-05,0.0
"[575417400, 575417401, 575417403]_5521580635_5521580638_0",3.084959792690702e-05,5.277509426219605e-05,4.075393010624686e-06
"[575771892, 575771894]_5524079440_5850339215_0",4.113279723587602e-05,4.385435321691343e-05,1.593027824117274e-05
"[576544625, 576544626, 571174868]_11782404758_2746819042_0",0.0003906998745449684,7.253451895970683e-05,0.0
"[579489258, 1074693085]_9857187186_5549682099_0",0.0,4.9268179939452725e-05,0.0
"[590735002, 1418008429]_5639373267_5639373266_0",0.0,6.0413537800524037e-05,4.2448281257340886e-06
"[618457121, 619024030, 619024031]_5845551470_6722020959_0",0.0003040742035662135,4.5952591436027496e-05,0.0
"[619341320, 1066343538, 619341318, 619341319]_5852845127_5852845139_0",0.0001711330028998622,4.509180677276267e-05,0.0
"[620789970, 154075947]_5360549731_6637726062_0",0.00010634884725335746,6.749021385356075e-05,0.0
"[620872889, 620872892, 318729572]_4191858105_4183530883_0",0.007417333360755198,6.430529580183553e-05,0.0
"[621075010, 621075011, 416065820]_4482094184_5455661685_0",0.0013469140118873783,5.9639691702070854e-05,9.228796240944994e-05
"[635299729, 681046229]_6377275638_5993042021_0",0.00019745799313082286,6.186995409546858e-05,1.0711182837059234e-08
"[642411326, 708741863]_6047953149_12118369035_0",0.014354914340949756,4.596354511579063e-05,0.0
"[667987597, 1337841558, 1337841559]_6717344635_7305963332_0",1.0283199308969005e-05,3.4108986009592096e-05,0.0
"[680898777, 680898778, 238276836, 680885949]_5864836710_6376104346_0",8.226559447175205e-08,4.1831740434868474e-05,0.0
"[681018904, 54856449, 681018903]_6453715315_5850674047_0",0.005977623758303683,4.9457378325518846e-05,0.0
"[681035729, 1266461483, 403111156]_4054904323_2518068153_0",0.0017602163585134607,6.031966892775804e-05,0.0
"[681121600, 553685345, 681121604, 553901492, 681128221, 681128222]_5344320967_4136140140_0",0.010631820331941674,6.415999037546601e-05,0.0
"[681518825, 714737103]_6718305411_6382306881_0",0.0,5.360920638802514e-05,0.0
"[681518838, 681518837, 569870174]_5461180817_5461180816_0",0.00010297595788001563,5.3426786893790734e-05,0.0
"[681569112, 681569113, 681569114]_4183540207_6382849309_0",1.0283199308969005e-05,6.385861381156055e-05,0.0
"[682845944, 179975993, 179975988]_1904244261_1904244083_0",6.858893939082327e-05,6.773530893633872e-05,0.0
"[685649427, 570142093]_5481819012_9728600744_0",0.0,6.462179889284652e-05,0.0
"[685649432, 775054456, 571129893]_5342013287_6469324274_0",5.594060424079139e-06,6.62223092104332e-05,0.0001408798916491597
"[685649435, 572244684]_6425811721_9340054693_0",0.0027768751413939905,6.600676400148411e-05,0.0
"[685655392, 570142114, 561397508]_6425545180_5481819198_0",0.0016459905805894328,6.664232335152855e-05,0.0
"[686002144, 1111600032, 561397506, 685799347, 166752469, 570881790, 686002143]_1092798436_3272564042_0",6.988462250375336e-05,6.563662275105891e-05,0.0
"[686004705, 1111182184, 816975369, 1111182193, 721493905, 1111182195, 1111182196, 1111182194]_201498312_1781530300_0",0.009364930177076692,4.222890867057445e-05,0.0
"[686005411, 1112043692, 1112043693, 721493907, 721493908]_7279088726_7279088718_1",0.0011650864817061885,6.056420679962267e-05,0.0
"[686005412, 42797073, 572963058, 572963057, 42797086]_10173760189_7279088726_0",0.0011753696810151574,5.788007372291428e-05,0.0
"[686013640, 999876941, 1188699525, 950290255]_9229885083_6429762051_0",1.850975875614421e-07,4.898329053249291e-05,0.0
"[686096618, 686096619, 891756118]_5851075226_3457031209_0",0.0010350657096435843,4.582395946390821e-05,0.0
"[686606293, 166752462, 106847430]_7095073711_5848060852_0",3.7554243876354813e-05,5.3590212433017595e-05,0.0
"[686613128, 686613129, 962822730]_4146680469_549740245_0",0.004061020504699422,7.17500892595273e-05,0.0
"[686629992, 569520593, 686629991]_5477099757_6435984752_0",1.0283199308969005e-05,6.4424973142619e-05,0.0
"[686917792, 306250126, 686917791]_3111020357_3111020382_0",0.0005241141023795323,5.815218286154773e-05,0.0
"[687394924, 687394925]_4954559554_5246546451_0",0.000855335952121424,5.0580491457391554e-05,0.0
"[687613670, 559599551]_5397333860_5397333919_0",0.0,7.000128220149341e-05,0.0
"[688152044, 1110337813, 688152047]_5353894968_690562989_0",8.936100199494066e-05,6.144264043623083e-05,0.0
"[688152044, 1110337813, 688152047]_690562989_5353894968_0",7.40184686259589e-05,6.144264043623083e-05,0.0
"[688462267, 990624292, 573054117, 1071187435]_1781530300_9153593504_0",0.0015901116755444953,4.187265381529319e-05,0.0
"[689065031, 686930014, 686930015]_5075163525_5075163577_0",0.0,4.0757784207920894e-05,0.0
"[689895368, 703301537, 1339754899]_5344158191_5344116932_0",0.008896304218168356,6.96263119222147e-05,0.0
"[689946685, 330757701]_277932715_6472878715_0",0.03934057956111305,5.085681667155949e-05,0.0
"[699315704, 699315700]_6566924420_6566916243_0",0.031556938074573763,4.899264876793286e-05,0.0
"[701214578, 1289162548, 1289162549]_6585543426_5521499678_0",0.031524977891121485,5.199424228837554e-05,5.183627095471611e-06
"[701740101, 701740102, 1242474442, 321034672, 678406904, 1115087765, 1109602744, 1109602745, 678406906]_2037765756_1658919945_0",0.0013677272072887315,6.703771795475285e-05,0.0
"[702359208, 1127401832]_6595721152_6595721153_0",0.0,5.746449413294016e-05,0.0
"[704466602, 704466603]_5406429377_6615831437_0",0.02267772453365691,7.297895939903528e-05,0.0
"[704524497, 1111540812]_2325416265_5355765055_0",0.015832075355284535,7.410101588923136e-05,0.0
"[705051196, 1110323029, 1225950503]_10793008254_6622030455_0",0.0007744688727556918,6.889939095540747e-05,0.0
"[706568154, 1175800874]_1857160520_10703340255_0",0.0,6.270534969094694e-05,0.0
"[712203973, 4626566, 1156887175]_29379583_29379567_0",3.800670464594945e-05,6.216982207553638e-05,0.0
"[714374122, 1122199138]_10184467582_6715130346_0",0.019172593217201734,7.473054800412102e-05,0.0
"[714374122, 320642927]_3272578338_10184467587_0",0.01921372601443761,7.480576349108357e-05,0.0
"[715192611, 715192612, 715192605]_5845328597_5489969639_0",0.0,4.9802121382743526e-05,0.0
"[725734050, 701522499, 725734051]_6430937852_5492696320_0",4.1564691606852724e-05,4.915911184125576e-05,0.0
"[730438344, 449168033]_3114862211_4461324966_0",0.005305452152273615,4.326977556750324e-05,0.0
"[730650976, 690698777, 690698778]_5504392089_5356192751_0",0.0009665590358472327,5.723961768051726e-05,0.0
"[740070518, 555103799]_5334388841_7669581282_0",0.0011010632828085474,6.87009922565162e-05,0.0
"[754156568, 4569024]_25773425_2035842609_0",0.00016564177446887275,6.749019996704876e-05,0.0
"[762297980, 762297981, 1298963374]_7455934037_9817189001_0",2.0566398617938012e-08,3.419298143034335e-05,0.0
"[763298961, 763299163, 193453756]_1849525935_1849525906_0",0.004280422845155584,6.819180520350213e-05,0.0
"[763514996, 763514995, 763293548]_1778148872_1778148862_0",0.00015657199267836208,7.417860890334506e-05,0.0
"[770000595, 570840060, 570840061, 570840110]_5487801250_5487801264_0",2.143018735989141e-05,6.516682132851909e-05,0.0
"[770599070, 561397509, 551004982]_1092798209_535152123_0",0.0038804063920366903,5.6240320033810844e-05,0.0
"[771226338, 319083572]_2316803846_1900221443_0",0.012223906381753491,6.534792131703786e-05,5.310175561811713e-06
"[777643290, 1125130019]_5825223577_5397823085_0",0.01573816917919503,7.334371534146e-05,1.694318014103977e-06
"[778446890, 239951791]_6045602554_5493070906_0",0.005756349875573288,6.103160709996102e-05,0.0
"[780124199, 569512455]_7633033172_5355858887_0",0.0015115274664253542,5.611378585085131e-05,0.0
"[780752416, 1118550929]_6436137585_3441843593_0",0.0001498056475330605,5.410518137036842e-05,0.0
"[791194570, 153319348]_5832175149_1660290286_0",4.977068465540999e-06,6.758501400638882e-05,0.0
"[802422001, 763520973]_1107827103_1667742500_0",0.00016070583880056763,7.371111310976667e-05,0.0
"[803292905, 558993203, 1073020869]_5492931882_5492932539_0",0.0,3.930288679029686e-05,0.0
"[809038444, 823410265, 561161932]_5411560902_5411561904_0",0.007038068403841803,4.553113795088137e-05,8.503631273599659e-06
"[810416994, 1442188927]_5346161426_5346161520_0",6.437282767414598e-06,6.572411812753004e-05,0.0
"[812382531, 320514086]_303034042_13239081325_0",0.001604775517759085,6.597743411778559e-05,0.0
"[817432145, 872159803, 1234195271]_3272299574_3272643957_0",0.04353797585504802,7.560627479785432e-05,0.0
"[823410265, 561161932, 809038444]_5411561904_5411560902_0",0.007038068403841803,4.553113795088137e-05,8.503631273599659e-06
"[830683776, 254609693, 1110089525, 1110056391]_3277298302_1858790097_0",0.002445797256442424,5.36200638208746e-05,0.0
"[832010980, 832010981, 1111182183, 825695208, 825695209, 1111182189, 777636174, 1111182191, 1111182192]_2604179131_2604179134_0",0.0026451062254488618,4.2055846419951594e-05,0.0
"[834069336, 179975991]_5369867693_5369662928_0",0.0075089977993953476,6.885119411759302e-05,0.0
"[842094946, 842094947]_7856163872_7856163870_0",0.0,7.313339832619118e-05,0.0
"[852252737, 686006671, 773764920, 773764921, 255737210]_1781964095_588190317_0",0.0019796598317668593,6.805966309585064e-05,0.0
"[857021128, 87149742]_1013431926_7990471529_0",0.0005399296629167266,7.318552922215828e-05,0.0
"[858014180, 4567653]_364328701_11028882122_0",0.008475433436850872,7.115990294522342e-05,0.0
"[862951008, 579175410]_5421786347_5421786507_0",0.0,3.792835580758267e-05,0.0
"[87148697, 1361597385]_1013421522_5852700917_0",0.0001421343808485696,7.329205414729123e-05,0.0
"[872159793, 1226422370, 1226422369]_8123313737_9462969629_0",0.04847763404150299,7.4540673580992e-05,0.0
"[872849969, 1113388054]_8128108797_6436542778_0",0.0,7.355413840132182e-05,0.0
"[903385712, 1301231965]_5355765050_2700952550_0",0.009625773810747999,5.149632254917387e-05,0.0
"[906517993, 569526971]_5477134559_8417878801_0",0.0,5.220188012997497e-05,0.0
"[926204545, 926204546, 269468425, 1229233934, 561409337]_8407718726_7284172429_0",0.006708964893157559,5.993426807162566e-05,9.713740573259353e-06
"[933093723, 554813342]_5354124469_3628088438_0",0.0010158566933344301,6.042362268044862e-05,0.0
"[939361465, 1116115222]_5346063760_8417842641_0",0.0015465109104744667,6.406945844842561e-05,0.0
"[939361465, 1116115222]_8417842641_5346063760_0",0.0017304979125105401,6.406945844842561e-05,0.0
"[939361465, 239942532]_8417842641_4118980741_0",0.001539148139769245,6.408289289384305e-05,0.0
"[94011842, 94011852, 1467737854, 561397503]_5246546574_6426441739_0",0.0005903996051251465,6.18173510334162e-05,0.0
"[952250705, 682819659, 239942532]_5346063742_5346063739_0",0.001524587129547745,6.413566567193857e-05,0.0
"[953611090, 953611091]_9229885101_9802905328_0",3.26800074039035e-05,5.0738240629280446e-05,0.0
"[955509472, 713673045]_10793008254_10793008429_0",0.007859881126215988,6.961637704212887e-05,0.0
"[955513459, 167539549]_3376673108_5447283022_0",0.0025175739876190277,5.364072957387841e-05,0.0
"[957106803, 306559910]_3115173232_3115173229_0",0.0002864282335520227,7.430788300822525e-05,0.0
"[961835432, 953611085, 948606683, 948606684, 944719357]_8780489657_9229885036_0",0.0009723793266561092,5.08284710197424e-05,0.0
"[986581504, 872152158, 986581503]_3056186235_7715327378_0",0.0004282952512185591,6.974765098126134e-05,0.0
"[988171061, 1196779877]_25448847_11104669202_0",0.00593157559179812,6.504222113694199e-05,0.0
"[989814288, 306556224]_3115112708_5388407028_0",0.0,6.387660525489752e-05,8.64010692712325e-06
"[990491859, 990491860, 990491862]_2325453514_3448592238_0",0.0,7.406024098291055e-05,0.0
"[999876944, 953611083, 636485846, 999876943]_8898142068_9229885083_0",1.966147707874874e-05,4.5714797532573636e-05,0.0
"[999876945, 953611082, 502224324, 999876946]_9229885031_9103714767_0",6.06503095242992e-05,4.4859695521016633e-05,0.0
