city,city_code,resolution,diameter_m,n_hexagons,poi_n,poi_pearson_r,poi_pearson_p,poi_spearman_r,poi_spearman_p,cent_n,cent_pearson_r,cent_pearson_p,cent_spearman_r,cent_spearman_p,morans_I,morans_p
Semarang,smg,8,461,292,292,-0.153424588136452,0.008638446020940606,-0.19272229352176798,0.0009322939043500143,291,-0.0006384134565583302,0.9913481922169407,-0.010013272626753222,0.8649450913443104,0.4858223855484323,0.001
Semarang,smg,9,174,572,572,-0.07688829809108105,0.06612151778259763,-0.06420996089283311,0.1250535758557922,568,0.01074880533406455,0.7982468628604705,0.09822041136706121,0.019213139187476764,0.3447290190028013,0.001
Bandung,bdg,8,461,571,571,-0.09654052344638829,0.02104197410976785,0.13127290221633145,0.0016689172329975078,571,-0.034924046450025406,0.4048691904761278,0.15316392472536913,0.00023913628313674057,0.22747719912950304,0.001
Bandung,bdg,9,174,1415,1415,-0.04011641449937196,0.13147467246036282,0.10183428952719538,0.00012442391049370587,1415,-0.04427885407301569,0.09592083697577787,0.0934747974255921,0.0004302520830268824,0.3509610718860629,0.001
Jakarta,jkt,8,461,2000,2000,-0.1594417290594598,7.395414921354525e-13,0.017912514082139,0.423342750718826,1998,0.015347533192868724,0.4929462396858428,0.07233629392178353,0.0012139786747239027,0.24680342584821807,0.001
Jakarta,jkt,9,174,6202,6202,-0.06826568691146703,7.394697915878313e-08,0.0320481529683576,0.011602111790695478,6191,-0.021510146761318794,0.09058213187108914,0.07143010080197729,1.8402987113749714e-08,0.3138212400631418,0.001
