city,city_code,resolution,diameter_m,n_hexagons,poi_n,poi_pearson_r,poi_pearson_p,poi_spearman_r,poi_spearman_p,cent_n,cent_pearson_r,cent_pearson_p,cent_spearman_r,cent_spearman_p,morans_I,morans_p
Semarang,smg,8,461,235,235,0.04799257252777065,0.46403961862466075,0.07666248753009945,0.24173112511645592,231,0.05361711137497075,0.41732406566817326,0.05257111703888316,0.42648122035737035,-0.08102758510286061,0.087
Semarang,smg,9,174,490,490,0.018427950768556207,0.6840720357727396,0.03331593193703274,0.46185222043181257,469,0.012251239466461358,0.7913023933359525,0.022277436758224318,0.6303590425905587,0.0039820338236494475,0.443
Bandung,bdg,8,461,517,517,-0.002094165642511723,0.9621137985952887,0.0531042558862943,0.22805156989515576,508,0.001566121872921388,0.9719109641502183,0.041376364149131505,0.35202059056511126,0.052190304655620245,0.055
Bandung,bdg,9,174,1222,1222,-0.008609444212860874,0.7636746012869631,0.027390413416969624,0.33872401367893584,1188,0.026108808906621872,0.36859510007619545,0.05263183631758571,0.06976574804838037,-0.007560577968225227,0.412
Jakarta,jkt,8,461,1836,1836,0.011670486234083665,0.6172580882019015,0.021310406053923286,0.3614517998704177,1809,-0.038444628770962094,0.10212997066339878,-0.006453814877464593,0.7838471877274968,0.030062005425492436,0.033
Jakarta,jkt,9,174,5319,5319,-0.027787255955860506,0.042715567146681635,-0.013818921921420218,0.31362463418977754,5217,0.08800374827401129,1.9246188585191196e-10,-0.0028636936257105693,0.8361722868699442,0.02220782665528441,0.03
