City,Moran_I,Z_score,p_value
Semarang,-0.003861602617681504,-0.20639942155356225,0.8364789226377232
Bandung,0.007502122344098096,0.9294354255664384,0.3526634759050028
Jakarta,0.002604143790718058,0.6874465215614823,0.4918013899655169
