city,n_segments,total_pois,total_pearson_r,total_pearson_p,total_spearman_r,total_spearman_p
Semarang,924,15563,-0.024714883908522826,0.45303485213349326,0.0784338083121944,0.017096380438024673
Bandung,2583,51114,0.13883670746464133,1.369905021330448e-12,0.281586556016136,2.782341479367e-48
Jakarta,13201,212730,0.10931894563652789,2.1976236114783597e-36,0.16274968453690244,4.886533598876326e-79
